AquaLushApplet,Configurer,Tokenizer,Simulation,SimEnvironmet,SimControlPanel,SimStore,SimKeypad,SimTime,SimTimeControl,SimDisplay,SimFailureControl,SimEvapControl,SimSiteView,SimSite,SimZone,SimSensor,SimValve,SimDeviceFactory,RealDeviceFactory,DeviceFactory,KeypadListener,SimSensorDevice,RealSensorDevice,SensorDevice,KeypadDevice,SimKeypadDevice,RealKeypadDevice,SimValveDevice,RealValveDevice,ValveDevice,ClockDevice,TickListener,DisplayDevice,SimDisplayDevice,RealDisplayDevice,SimClockDevice,RealClockDevice,Clock,ScreenButtonListener,StorageDevice,ScreenButtonDevice,SimStorageDevice,RealStorageDevice,SimScreenButtonDevice,RealScreenButtonDevice,Irrigator,Devices,IrrigationCycle,Zone,Sensor,AutoCycle,ManualCycle,Valve,UIController,Screen,ScrollingScreen,EventAction
"""?"",""2,1"",""?"",""1,1"",""?"",""?"",""?"",""?"",""1,1"",""?"",""?"",""?"",""?"",""?"",""?"",""?"",""?"",""?"",""1,1"",""?"",""1,1"",""?"",""?"",""?"",""?"",""?"",""?"",""?"",""?"",""?"",""?"",""?"",""?"",""?"",""?"",""?"",""?"",""?"",""?"",""?"",""?"",""?"",""?"",""?"",""?"",""?"",""?"",""?"",""?"",""?"",""?"",""?"",""?"",""?"",""?"",""?"",""?"",""?"""
"""2,0"",""?"",""2,1"",""?"",""?"",""?"",""?"",""?"",""?"",""?"",""?"",""?"",""?"",""?"",""?"",""?"",""?"",""?"",""?"",""?"",""1,1"",""?"",""?"",""?"",""?"",""1,1"",""?"",""?"",""?"",""?"",""?"",""?"",""?"",""?"",""?"",""?"",""?"",""?"",""?"",""?"",""?"",""1,1"",""?"",""?"",""?"",""?"",""1,1"",""?"",""?"",""?"",""?"",""?"",""?"",""?"",""1,1"",""?"",""?"",""?"""
"""?"",""2,0"",""?"",""?"",""?"",""?"",""?"",""?"",""?"",""?"",""?"",""?"",""?"",""?"",""?"",""?"",""?"",""?"",""?"",""?"",""?"",""?"",""?"",""?"",""?"",""?"",""?"",""?"",""?"",""?"",""?"",""?"",""?"",""?"",""?"",""?"",""?"",""?"",""?"",""?"",""?"",""?"",""?"",""?"",""?"",""?"",""?"",""?"",""?"",""?"",""?"",""?"",""?"",""?"",""?"",""?"",""?"",""?"""
"""1,0"",""?"",""?"",""?"",""1,0"",""1,0"",""?"",""?"",""?"",""?"",""?"",""?"",""?"",""?"",""?"",""?"",""?"",""?"",""1,0"",""?"",""?"",""?"",""?"",""?"",""?"",""?"",""?"",""?"",""?"",""?"",""?"",""?"",""?"",""?"",""?"",""?"",""?"",""?"",""?"",""?"",""?"",""?"",""?"",""?"",""?"",""?"",""?"",""?"",""?"",""?"",""?"",""?"",""?"",""?"",""?"",""?"",""?"",""?"""
"""?"",""?"",""?"",""1,0"",""?"",""?"",""1,0"",""?"",""?"",""1,0"",""?"",""1,0"",""1,0"",""1,0"",""1,0"",""?"",""?"",""?"",""?"",""?"",""?"",""?"",""?"",""?"",""?"",""?"",""?"",""?"",""?"",""?"",""?"",""?"",""?"",""?"",""?"",""?"",""?"",""?"",""?"",""?"",""?"",""?"",""?"",""?"",""?"",""?"",""?"",""?"",""?"",""?"",""?"",""?"",""?"",""?"",""?"",""?"",""?"",""?"""
"""?"",""?"",""?"",""1,0"",""?"",""?"",""?"",""1,0"",""?"",""?"",""1,0"",""?"",""?"",""?"",""?"",""?"",""?"",""?"",""?"",""?"",""?"",""?"",""?"",""?"",""?"",""?"",""?"",""?"",""?"",""?"",""?"",""?"",""?"",""?"",""?"",""?"",""?"",""?"",""?"",""?"",""?"",""?"",""?"",""?"",""?"",""?"",""?"",""?"",""?"",""?"",""?"",""?"",""?"",""?"",""?"",""?"",""?"",""?"""
"""?"",""?"",""?"",""?"",""1,0"",""?"",""?"",""?"",""?"",""?"",""?"",""?"",""?"",""?"",""?"",""?"",""?"",""?"",""?"",""?"",""?"",""?"",""?"",""?"",""?"",""?"",""?"",""?"",""?"",""?"",""?"",""?"",""?"",""?"",""?"",""?"",""?"",""?"",""?"",""?"",""?"",""?"",""?"",""?"",""?"",""?"",""?"",""?"",""?"",""?"",""?"",""?"",""?"",""?"",""?"",""?"",""?"",""?"""
"""?"",""?"",""?"",""?"",""?"",""1,0"",""?"",""?"",""?"",""?"",""?"",""?"",""?"",""?"",""?"",""?"",""?"",""?"",""?"",""?"",""?"",""?"",""?"",""?"",""?"",""?"",""?"",""?"",""?"",""?"",""?"",""?"",""?"",""?"",""?"",""?"",""?"",""?"",""?"",""?"",""?"",""?"",""?"",""?"",""?"",""?"",""?"",""?"",""?"",""?"",""?"",""?"",""?"",""?"",""?"",""?"",""?"",""?"""
"""1,0"",""?"",""?"",""?"",""?"",""?"",""?"",""?"",""?"",""1,0"",""?"",""?"",""?"",""?"",""1,0"",""?"",""?"",""?"",""?"",""?"",""?"",""?"",""?"",""?"",""?"",""?"",""1,0"",""?"",""?"",""?"",""?"",""?"",""?"",""?"",""?"",""?"",""1,0"",""?"",""?"",""?"",""?"",""?"",""?"",""?"",""?"",""?"",""?"",""?"",""?"",""?"",""?"",""?"",""?"",""?"",""?"",""?"",""?"",""?"""
"""?"",""?"",""?"",""?"",""1,0"",""?"",""?"",""?"",""1,0"",""?"",""?"",""?"",""?"",""?"",""?"",""?"",""?"",""?"",""?"",""?"",""?"",""?"",""?"",""?"",""?"",""?"",""?"",""?"",""?"",""?"",""?"",""?"",""?"",""?"",""?"",""?"",""?"",""?"",""?"",""?"",""?"",""?"",""?"",""?"",""?"",""?"",""?"",""?"",""?"",""?"",""?"",""?"",""?"",""?"",""?"",""?"",""?"",""?"""
"""?"",""?"",""?"",""?"",""?"",""1,0"",""?"",""?"",""?"",""?"",""?"",""?"",""?"",""?"",""?"",""?"",""?"",""?"",""?"",""?"",""?"",""?"",""?"",""?"",""?"",""?"",""?"",""?"",""?"",""?"",""?"",""?"",""?"",""?"",""1,0"",""?"",""?"",""?"",""?"",""?"",""?"",""?"",""?"",""?"",""?"",""?"",""?"",""?"",""?"",""?"",""?"",""?"",""?"",""?"",""?"",""?"",""?"",""?"""
"""?"",""?"",""?"",""?"",""1,0"",""?"",""?"",""?"",""?"",""?"",""?"",""?"",""?"",""?"",""?"",""?"",""1,0"",""1,0"",""?"",""?"",""?"",""?"",""?"",""?"",""?"",""?"",""?"",""?"",""?"",""?"",""?"",""?"",""?"",""?"",""?"",""?"",""?"",""?"",""?"",""?"",""?"",""?"",""?"",""?"",""?"",""?"",""?"",""?"",""?"",""?"",""?"",""?"",""?"",""?"",""?"",""?"",""?"",""?"""
"""?"",""?"",""?"",""?"",""1,0"",""?"",""?"",""?"",""?"",""?"",""?"",""?"",""?"",""?"",""1,0"",""?"",""?"",""?"",""?"",""?"",""?"",""?"",""?"",""?"",""?"",""?"",""?"",""?"",""?"",""?"",""?"",""?"",""?"",""?"",""?"",""?"",""?"",""?"",""?"",""?"",""?"",""?"",""?"",""?"",""?"",""?"",""?"",""?"",""?"",""?"",""?"",""?"",""?"",""?"",""?"",""?"",""?"",""?"""
"""?"",""?"",""?"",""?"",""1,0"",""?"",""?"",""?"",""?"",""?"",""?"",""?"",""?"",""?"",""1,0"",""?"",""?"",""?"",""?"",""?"",""?"",""?"",""?"",""?"",""?"",""?"",""?"",""?"",""?"",""?"",""?"",""?"",""?"",""?"",""?"",""?"",""?"",""?"",""?"",""?"",""?"",""?"",""?"",""?"",""?"",""?"",""?"",""?"",""?"",""?"",""?"",""?"",""?"",""?"",""?"",""?"",""?"",""?"""
"""?"",""?"",""?"",""?"",""1,0"",""?"",""?"",""?"",""1,0"",""?"",""?"",""?"",""1,0"",""1,0"",""?"",""1,0"",""1,0"",""1,0"",""?"",""?"",""?"",""?"",""?"",""?"",""?"",""?"",""?"",""?"",""?"",""?"",""?"",""?"",""?"",""?"",""?"",""?"",""?"",""?"",""?"",""?"",""?"",""?"",""?"",""?"",""?"",""?"",""?"",""?"",""?"",""?"",""?"",""?"",""?"",""?"",""?"",""?"",""?"",""?"""
"""?"",""?"",""?"",""?"",""?"",""?"",""?"",""?"",""?"",""?"",""?"",""?"",""?"",""?"",""1,0"",""?"",""1,0"",""1,0"",""?"",""?"",""?"",""?"",""?"",""?"",""?"",""?"",""?"",""?"",""?"",""?"",""?"",""?"",""?"",""?"",""?"",""?"",""?"",""?"",""?"",""?"",""?"",""?"",""?"",""?"",""?"",""?"",""?"",""?"",""?"",""?"",""?"",""?"",""?"",""?"",""?"",""?"",""?"",""?"""
"""?"",""?"",""?"",""?"",""?"",""?"",""?"",""?"",""?"",""?"",""?"",""1,0"",""?"",""?"",""1,0"",""1,0"",""?"",""?"",""?"",""?"",""?"",""?"",""1,0"",""?"",""?"",""?"",""?"",""?"",""?"",""?"",""?"",""?"",""?"",""?"",""?"",""?"",""?"",""?"",""?"",""?"",""?"",""?"",""?"",""?"",""?"",""?"",""?"",""?"",""?"",""?"",""?"",""?"",""?"",""?"",""?"",""?"",""?"",""?"""
"""?"",""?"",""?"",""?"",""?"",""?"",""?"",""?"",""?"",""?"",""?"",""1,0"",""?"",""?"",""1,0"",""1,0"",""?"",""?"",""?"",""?"",""?"",""?"",""?"",""?"",""?"",""?"",""?"",""?"",""1,0"",""?"",""?"",""?"",""?"",""?"",""?"",""?"",""?"",""?"",""?"",""?"",""?"",""?"",""?"",""?"",""?"",""?"",""?"",""?"",""?"",""?"",""?"",""?"",""?"",""?"",""?"",""?"",""?"",""?"""
"""1,0"",""?"",""?"",""1,1"",""?"",""?"",""?"",""?"",""?"",""?"",""?"",""?"",""?"",""?"",""?"",""?"",""?"",""?"",""?"",""?"",""5,0"",""?"",""?"",""?"",""?"",""?"",""?"",""?"",""?"",""?"",""?"",""?"",""?"",""?"",""?"",""?"",""?"",""?"",""?"",""?"",""?"",""?"",""?"",""?"",""?"",""?"",""?"",""?"",""?"",""?"",""?"",""?"",""?"",""?"",""?"",""?"",""?"",""?"""
"""?"",""?"",""?"",""?"",""?"",""?"",""?"",""?"",""?"",""?"",""?"",""?"",""?"",""?"",""?"",""?"",""?"",""?"",""?"",""?"",""5,0"",""?"",""?"",""?"",""?"",""?"",""?"",""?"",""?"",""?"",""?"",""?"",""?"",""?"",""?"",""?"",""?"",""?"",""?"",""?"",""?"",""?"",""?"",""?"",""?"",""?"",""?"",""?"",""?"",""?"",""?"",""?"",""?"",""?"",""?"",""?"",""?"",""?"""
"""1,0"",""1,0"",""?"",""?"",""?"",""?"",""?"",""?"",""?"",""?"",""?"",""?"",""?"",""?"",""?"",""?"",""?"",""?"",""5,0"",""5,0"",""?"",""?"",""?"",""?"",""1,0"",""1,0"",""?"",""?"",""?"",""?"",""1,0"",""1,0"",""?"",""1,0"",""?"",""?"",""?"",""?"",""?"",""?"",""1,0"",""1,0"",""?"",""?"",""?"",""?"",""?"",""?"",""?"",""?"",""?"",""?"",""?"",""?"",""?"",""?"",""?"",""?"""
"""?"",""?"",""?"",""?"",""?"",""?"",""?"",""?"",""?"",""?"",""?"",""?"",""?"",""?"",""?"",""?"",""?"",""?"",""?"",""?"",""?"",""?"",""?"",""?"",""?"",""2,0"",""?"",""?"",""?"",""?"",""?"",""?"",""?"",""?"",""?"",""?"",""?"",""?"",""?"",""?"",""?"",""?"",""?"",""?"",""?"",""?"",""?"",""?"",""?"",""?"",""?"",""?"",""?"",""?"",""1,0"",""?"",""?"",""?"""
"""?"",""?"",""?"",""?"",""?"",""?"",""?"",""?"",""?"",""?"",""?"",""?"",""?"",""?"",""?"",""?"",""1,1"",""?"",""?"",""?"",""?"",""?"",""?"",""?"",""5,0"",""?"",""?"",""?"",""?"",""?"",""?"",""?"",""?"",""?"",""?"",""?"",""?"",""?"",""?"",""?"",""?"",""?"",""?"",""?"",""?"",""?"",""?"",""?"",""?"",""?"",""?"",""?"",""?"",""?"",""?"",""?"",""?"",""?"""
"""?"",""?"",""?"",""?"",""?"",""?"",""?"",""?"",""?"",""?"",""?"",""?"",""?"",""?"",""?"",""?"",""?"",""?"",""?"",""?"",""?"",""?"",""?"",""?"",""5,0"",""?"",""?"",""?"",""?"",""?"",""?"",""?"",""?"",""?"",""?"",""?"",""?"",""?"",""?"",""?"",""?"",""?"",""?"",""?"",""?"",""?"",""?"",""?"",""?"",""?"",""?"",""?"",""?"",""?"",""?"",""?"",""?"",""?"""
"""?"",""?"",""?"",""?"",""?"",""?"",""?"",""?"",""?"",""?"",""?"",""?"",""?"",""?"",""?"",""?"",""?"",""?"",""?"",""?"",""1,0"",""?"",""5,0"",""5,0"",""?"",""?"",""?"",""?"",""?"",""?"",""?"",""?"",""?"",""?"",""?"",""?"",""?"",""?"",""?"",""?"",""?"",""?"",""?"",""?"",""?"",""?"",""1,0"",""?"",""?"",""1,0"",""1,0"",""?"",""?"",""?"",""?"",""?"",""?"",""?"""
"""?"",""1,0"",""?"",""?"",""?"",""?"",""?"",""?"",""?"",""?"",""?"",""?"",""?"",""?"",""?"",""?"",""?"",""?"",""?"",""?"",""1,0"",""2,1"",""?"",""?"",""?"",""?"",""5,0"",""5,0"",""?"",""?"",""?"",""?"",""?"",""?"",""?"",""?"",""?"",""?"",""?"",""?"",""?"",""?"",""?"",""?"",""?"",""?"",""?"",""?"",""?"",""?"",""?"",""?"",""?"",""?"",""?"",""?"",""?"",""?"""
"""?"",""?"",""?"",""?"",""?"",""?"",""?"",""?"",""1,1"",""?"",""?"",""?"",""?"",""?"",""?"",""?"",""?"",""?"",""?"",""?"",""?"",""?"",""?"",""?"",""?"",""5,0"",""?"",""?"",""?"",""?"",""?"",""?"",""?"",""?"",""?"",""?"",""?"",""?"",""?"",""?"",""?"",""?"",""?"",""?"",""?"",""?"",""?"",""?"",""?"",""?"",""?"",""?"",""?"",""?"",""?"",""?"",""?"",""?"""
"""?"",""?"",""?"",""?"",""?"",""?"",""?"",""?"",""?"",""?"",""?"",""?"",""?"",""?"",""?"",""?"",""?"",""?"",""?"",""?"",""?"",""?"",""?"",""?"",""?"",""5,0"",""?"",""?"",""?"",""?"",""?"",""?"",""?"",""?"",""?"",""?"",""?"",""?"",""?"",""?"",""?"",""?"",""?"",""?"",""?"",""?"",""?"",""?"",""?"",""?"",""?"",""?"",""?"",""?"",""?"",""?"",""?"",""?"""
"""?"",""?"",""?"",""?"",""?"",""?"",""?"",""?"",""?"",""?"",""?"",""?"",""?"",""?"",""?"",""?"",""?"",""1,1"",""?"",""?"",""?"",""?"",""?"",""?"",""?"",""?"",""?"",""?"",""?"",""?"",""5,0"",""?"",""?"",""?"",""?"",""?"",""?"",""?"",""?"",""?"",""?"",""?"",""?"",""?"",""?"",""?"",""?"",""?"",""?"",""?"",""?"",""?"",""?"",""?"",""?"",""?"",""?"",""?"""
"""?"",""?"",""?"",""?"",""?"",""?"",""?"",""?"",""?"",""?"",""?"",""?"",""?"",""?"",""?"",""?"",""?"",""?"",""?"",""?"",""?"",""?"",""?"",""?"",""?"",""?"",""?"",""?"",""?"",""?"",""5,0"",""?"",""?"",""?"",""?"",""?"",""?"",""?"",""?"",""?"",""?"",""?"",""?"",""?"",""?"",""?"",""?"",""?"",""?"",""?"",""?"",""?"",""?"",""?"",""?"",""?"",""?"",""?"""
"""?"",""?"",""?"",""?"",""?"",""?"",""?"",""?"",""?"",""?"",""?"",""?"",""?"",""?"",""?"",""?"",""?"",""?"",""?"",""?"",""1,0"",""?"",""?"",""?"",""?"",""?"",""?"",""?"",""5,0"",""5,0"",""?"",""?"",""?"",""?"",""?"",""?"",""?"",""?"",""?"",""?"",""?"",""?"",""?"",""?"",""?"",""?"",""1,0"",""?"",""?"",""1,0"",""?"",""?"",""?"",""1,0"",""?"",""?"",""?"",""?"""
"""?"",""?"",""?"",""?"",""?"",""?"",""?"",""?"",""?"",""?"",""?"",""?"",""?"",""?"",""?"",""?"",""?"",""?"",""?"",""?"",""1,0"",""?"",""?"",""?"",""?"",""?"",""?"",""?"",""?"",""?"",""?"",""?"",""2,1"",""?"",""?"",""?"",""5,0"",""5,0"",""1,0"",""?"",""?"",""?"",""?"",""?"",""?"",""?"",""?"",""?"",""?"",""?"",""?"",""?"",""?"",""?"",""?"",""?"",""?"",""?"""
"""?"",""?"",""?"",""?"",""?"",""?"",""?"",""?"",""?"",""?"",""?"",""?"",""?"",""?"",""?"",""?"",""?"",""?"",""?"",""?"",""?"",""?"",""?"",""?"",""?"",""?"",""?"",""?"",""?"",""?"",""?"",""2,0"",""?"",""?"",""?"",""?"",""?"",""?"",""5,0"",""?"",""?"",""?"",""?"",""?"",""?"",""?"",""?"",""?"",""?"",""?"",""?"",""?"",""?"",""?"",""?"",""?"",""?"",""?"""
"""?"",""?"",""?"",""?"",""?"",""?"",""?"",""?"",""?"",""?"",""?"",""?"",""?"",""?"",""?"",""?"",""?"",""?"",""?"",""?"",""1,0"",""?"",""?"",""?"",""?"",""?"",""?"",""?"",""?"",""?"",""?"",""?"",""?"",""?"",""5,0"",""5,0"",""?"",""?"",""?"",""?"",""?"",""?"",""?"",""?"",""?"",""?"",""?"",""?"",""?"",""?"",""?"",""?"",""?"",""?"",""1,0"",""1,0"",""1,0"",""?"""
"""?"",""?"",""?"",""?"",""?"",""?"",""?"",""?"",""?"",""?"",""1,1"",""?"",""?"",""?"",""?"",""?"",""?"",""?"",""?"",""?"",""?"",""?"",""?"",""?"",""?"",""?"",""?"",""?"",""?"",""?"",""?"",""?"",""?"",""5,0"",""?"",""?"",""?"",""?"",""?"",""?"",""?"",""?"",""?"",""?"",""?"",""?"",""?"",""?"",""?"",""?"",""?"",""?"",""?"",""?"",""?"",""?"",""?"",""?"""
"""?"",""?"",""?"",""?"",""?"",""?"",""?"",""?"",""?"",""?"",""?"",""?"",""?"",""?"",""?"",""?"",""?"",""?"",""?"",""?"",""?"",""?"",""?"",""?"",""?"",""?"",""?"",""?"",""?"",""?"",""?"",""?"",""?"",""5,0"",""?"",""?"",""?"",""?"",""?"",""?"",""?"",""?"",""?"",""?"",""?"",""?"",""?"",""?"",""?"",""?"",""?"",""?"",""?"",""?"",""?"",""?"",""?"",""?"""
"""?"",""?"",""?"",""?"",""?"",""?"",""?"",""?"",""1,1"",""?"",""?"",""?"",""?"",""?"",""?"",""?"",""?"",""?"",""?"",""?"",""?"",""?"",""?"",""?"",""?"",""?"",""?"",""?"",""?"",""?"",""?"",""5,0"",""?"",""?"",""?"",""?"",""?"",""?"",""?"",""?"",""?"",""?"",""?"",""?"",""?"",""?"",""?"",""?"",""?"",""?"",""?"",""?"",""?"",""?"",""?"",""?"",""?"",""?"""
"""?"",""?"",""?"",""?"",""?"",""?"",""?"",""?"",""?"",""?"",""?"",""?"",""?"",""?"",""?"",""?"",""?"",""?"",""?"",""?"",""?"",""?"",""?"",""?"",""?"",""?"",""?"",""?"",""?"",""?"",""?"",""5,0"",""?"",""?"",""?"",""?"",""?"",""?"",""?"",""?"",""?"",""?"",""?"",""?"",""?"",""?"",""?"",""?"",""?"",""?"",""?"",""?"",""?"",""?"",""?"",""?"",""?"",""?"""
"""?"",""?"",""?"",""?"",""?"",""?"",""?"",""?"",""?"",""?"",""?"",""?"",""?"",""?"",""?"",""?"",""?"",""?"",""?"",""?"",""?"",""?"",""?"",""?"",""?"",""?"",""?"",""?"",""?"",""?"",""?"",""1,0"",""5,0"",""?"",""?"",""?"",""?"",""?"",""?"",""?"",""?"",""?"",""?"",""?"",""?"",""?"",""1,0"",""?"",""?"",""?"",""?"",""?"",""?"",""?"",""1,0"",""?"",""?"",""?"""
"""?"",""?"",""?"",""?"",""?"",""?"",""?"",""?"",""?"",""?"",""?"",""?"",""?"",""?"",""?"",""?"",""?"",""?"",""?"",""?"",""?"",""?"",""?"",""?"",""?"",""?"",""?"",""?"",""?"",""?"",""?"",""?"",""?"",""?"",""?"",""?"",""?"",""?"",""?"",""?"",""?"",""2,0"",""?"",""?"",""?"",""?"",""?"",""?"",""?"",""?"",""?"",""?"",""?"",""?"",""1,0"",""?"",""?"",""?"""
"""?"",""?"",""?"",""?"",""?"",""?"",""?"",""?"",""?"",""?"",""?"",""?"",""?"",""?"",""?"",""?"",""?"",""?"",""?"",""?"",""1,0"",""?"",""?"",""?"",""?"",""?"",""?"",""?"",""?"",""?"",""?"",""?"",""?"",""?"",""?"",""?"",""?"",""?"",""?"",""?"",""?"",""?"",""5,0"",""5,0"",""?"",""?"",""1,0"",""?"",""?"",""?"",""?"",""?"",""?"",""?"",""?"",""?"",""?"",""?"""
"""?"",""1,0"",""?"",""?"",""?"",""?"",""?"",""?"",""?"",""?"",""?"",""?"",""?"",""?"",""?"",""?"",""?"",""?"",""?"",""?"",""1,0"",""?"",""?"",""?"",""?"",""?"",""?"",""?"",""?"",""?"",""?"",""?"",""?"",""?"",""?"",""?"",""?"",""?"",""?"",""2,1"",""?"",""?"",""?"",""?"",""5,0"",""5,0"",""?"",""?"",""?"",""?"",""?"",""?"",""?"",""?"",""?"",""1,0"",""?"",""?"""
"""?"",""?"",""?"",""?"",""?"",""?"",""?"",""?"",""?"",""?"",""?"",""?"",""?"",""?"",""?"",""?"",""?"",""?"",""?"",""?"",""?"",""?"",""?"",""?"",""?"",""?"",""?"",""?"",""?"",""?"",""?"",""?"",""?"",""?"",""?"",""?"",""?"",""?"",""?"",""?"",""5,0"",""?"",""?"",""?"",""?"",""?"",""?"",""?"",""?"",""?"",""?"",""?"",""?"",""?"",""?"",""?"",""?"",""?"""
"""?"",""?"",""?"",""?"",""?"",""?"",""?"",""?"",""?"",""?"",""?"",""?"",""?"",""?"",""?"",""?"",""?"",""?"",""?"",""?"",""?"",""?"",""?"",""?"",""?"",""?"",""?"",""?"",""?"",""?"",""?"",""?"",""?"",""?"",""?"",""?"",""?"",""?"",""?"",""?"",""5,0"",""?"",""?"",""?"",""?"",""?"",""?"",""?"",""?"",""?"",""?"",""?"",""?"",""?"",""?"",""?"",""?"",""?"""
"""?"",""?"",""?"",""?"",""?"",""?"",""?"",""?"",""?"",""?"",""?"",""?"",""?"",""?"",""?"",""?"",""?"",""?"",""?"",""?"",""?"",""?"",""?"",""?"",""?"",""?"",""?"",""?"",""?"",""?"",""?"",""?"",""?"",""?"",""?"",""?"",""?"",""?"",""?"",""?"",""?"",""5,0"",""?"",""?"",""?"",""?"",""?"",""?"",""?"",""?"",""?"",""?"",""?"",""?"",""?"",""?"",""?"",""?"""
"""?"",""?"",""?"",""?"",""?"",""?"",""?"",""?"",""?"",""?"",""?"",""?"",""?"",""?"",""?"",""?"",""?"",""?"",""?"",""?"",""?"",""?"",""?"",""?"",""?"",""?"",""?"",""?"",""?"",""?"",""?"",""?"",""?"",""?"",""?"",""?"",""?"",""?"",""?"",""?"",""?"",""5,0"",""?"",""?"",""?"",""?"",""?"",""?"",""?"",""?"",""?"",""?"",""?"",""?"",""?"",""?"",""?"",""?"""
"""?"",""1,0"",""?"",""?"",""?"",""?"",""?"",""?"",""?"",""?"",""?"",""?"",""?"",""?"",""?"",""?"",""?"",""?"",""?"",""?"",""?"",""?"",""?"",""?"",""1,1"",""?"",""?"",""?"",""?"",""?"",""1,1"",""?"",""?"",""?"",""?"",""?"",""?"",""?"",""1,1"",""?"",""1,1"",""?"",""?"",""?"",""?"",""?"",""?"",""1,0"",""1,0"",""1,0"",""?"",""?"",""?"",""?"",""1,0"",""?"",""?"",""?"""
"""?"",""?"",""?"",""?"",""?"",""?"",""?"",""?"",""?"",""?"",""?"",""?"",""?"",""?"",""?"",""?"",""?"",""?"",""?"",""?"",""?"",""?"",""?"",""?"",""?"",""?"",""?"",""?"",""?"",""?"",""?"",""?"",""?"",""?"",""?"",""?"",""?"",""?"",""?"",""?"",""?"",""?"",""?"",""?"",""?"",""?"",""1,0"",""?"",""?"",""?"",""1,0"",""?"",""?"",""1,0"",""?"",""?"",""?"",""?"""
"""?"",""?"",""?"",""?"",""?"",""?"",""?"",""?"",""?"",""?"",""?"",""?"",""?"",""?"",""?"",""?"",""?"",""?"",""?"",""?"",""?"",""?"",""?"",""?"",""?"",""?"",""?"",""?"",""?"",""?"",""?"",""?"",""?"",""?"",""?"",""?"",""?"",""?"",""?"",""?"",""?"",""?"",""?"",""?"",""?"",""?"",""1,0"",""?"",""?"",""1,0"",""?"",""5,0"",""5,0"",""?"",""?"",""?"",""?"",""?"""
"""?"",""?"",""?"",""?"",""?"",""?"",""?"",""?"",""?"",""?"",""?"",""?"",""?"",""?"",""?"",""?"",""?"",""?"",""?"",""?"",""?"",""?"",""?"",""?"",""1,1"",""?"",""?"",""?"",""?"",""?"",""1,1"",""?"",""?"",""?"",""?"",""?"",""?"",""?"",""?"",""?"",""?"",""?"",""?"",""?"",""?"",""?"",""1,0"",""?"",""1,0"",""?"",""1,0"",""?"",""?"",""1,0"",""?"",""?"",""?"",""?"""
"""?"",""?"",""?"",""?"",""?"",""?"",""?"",""?"",""?"",""?"",""?"",""?"",""?"",""?"",""?"",""?"",""?"",""?"",""?"",""?"",""?"",""?"",""?"",""?"",""1,1"",""?"",""?"",""?"",""?"",""?"",""?"",""?"",""?"",""?"",""?"",""?"",""?"",""?"",""?"",""?"",""?"",""?"",""?"",""?"",""?"",""?"",""?"",""1,0"",""?"",""1,0"",""?"",""?"",""?"",""?"",""?"",""?"",""?"",""?"""
"""?"",""?"",""?"",""?"",""?"",""?"",""?"",""?"",""?"",""?"",""?"",""?"",""?"",""?"",""?"",""?"",""?"",""?"",""?"",""?"",""?"",""?"",""?"",""?"",""?"",""?"",""?"",""?"",""?"",""?"",""?"",""?"",""?"",""?"",""?"",""?"",""?"",""?"",""?"",""?"",""?"",""?"",""?"",""?"",""?"",""?"",""?"",""?"",""5,0"",""?"",""?"",""?"",""?"",""?"",""?"",""?"",""?"",""?"""
"""?"",""?"",""?"",""?"",""?"",""?"",""?"",""?"",""?"",""?"",""?"",""?"",""?"",""?"",""?"",""?"",""?"",""?"",""?"",""?"",""?"",""?"",""?"",""?"",""?"",""?"",""?"",""?"",""?"",""?"",""?"",""?"",""?"",""?"",""?"",""?"",""?"",""?"",""?"",""?"",""?"",""?"",""?"",""?"",""?"",""?"",""?"",""?"",""5,0"",""?"",""?"",""?"",""?"",""?"",""?"",""?"",""?"",""?"""
"""?"",""?"",""?"",""?"",""?"",""?"",""?"",""?"",""?"",""?"",""?"",""?"",""?"",""?"",""?"",""?"",""?"",""?"",""?"",""?"",""?"",""?"",""?"",""?"",""?"",""?"",""?"",""?"",""?"",""?"",""1,1"",""?"",""?"",""?"",""?"",""?"",""?"",""?"",""?"",""?"",""?"",""?"",""?"",""?"",""?"",""?"",""?"",""1,0"",""?"",""1,0"",""?"",""?"",""?"",""?"",""?"",""?"",""?"",""?"""
"""?"",""1,0"",""?"",""?"",""?"",""?"",""?"",""?"",""?"",""?"",""?"",""?"",""?"",""?"",""?"",""?"",""?"",""?"",""?"",""?"",""?"",""1,1"",""?"",""?"",""?"",""?"",""?"",""?"",""?"",""?"",""?"",""?"",""?"",""1,1"",""?"",""?"",""?"",""?"",""1,1"",""1,1"",""?"",""?"",""?"",""?"",""?"",""?"",""1,1"",""?"",""?"",""?"",""?"",""?"",""?"",""?"",""?"",""1,0"",""?"",""?"""
"""?"",""?"",""?"",""?"",""?"",""?"",""?"",""?"",""?"",""?"",""?"",""?"",""?"",""?"",""?"",""?"",""?"",""?"",""?"",""?"",""?"",""?"",""?"",""?"",""?"",""?"",""?"",""?"",""?"",""?"",""?"",""?"",""?"",""1,1"",""?"",""?"",""?"",""?"",""?"",""?"",""?"",""1,1"",""?"",""?"",""?"",""?"",""?"",""?"",""?"",""?"",""?"",""?"",""?"",""?"",""1,0"",""?"",""5,0"",""2,1"""
"""?"",""?"",""?"",""?"",""?"",""?"",""?"",""?"",""?"",""?"",""?"",""?"",""?"",""?"",""?"",""?"",""?"",""?"",""?"",""?"",""?"",""?"",""?"",""?"",""?"",""?"",""?"",""?"",""?"",""?"",""?"",""?"",""?"",""1,1"",""?"",""?"",""?"",""?"",""?"",""?"",""?"",""?"",""?"",""?"",""?"",""?"",""?"",""?"",""?"",""?"",""?"",""?"",""?"",""?"",""?"",""5,0"",""?"",""?"""
"""?"",""?"",""?"",""?"",""?"",""?"",""?"",""?"",""?"",""?"",""?"",""?"",""?"",""?"",""?"",""?"",""?"",""?"",""?"",""?"",""?"",""?"",""?"",""?"",""?"",""?"",""?"",""?"",""?"",""?"",""?"",""?"",""?"",""?"",""?"",""?"",""?"",""?"",""?"",""?"",""?"",""?"",""?"",""?"",""?"",""?"",""?"",""?"",""?"",""?"",""?"",""?"",""?"",""?"",""?"",""2,0"",""?"",""?"""
