DBColumnInfo,HectorDataset,ColumnAbstraction,NumericalColumnImpl,RangeColumnImpl,BitColumnImpl,BinaryColumn,BitColumn,DateColumnImpl,RangeColumn,CategoricalColumn,NumericalColumn,CategoricalColumnImpl,IntegerColumn,DateColumn,NominalColumn,ColumnType,NominalColumnImpl,ColumnImpl,BinaryColumnImpl,IntegerColumnImpl,DatabaseDataset,InstanceIterator,FileDataset,Dataset,CsvDataset,ExcelDataset,ArffDataset,JDBCDataset,KeelDataset,JDBCSQLerverDataset,JDBCOracleConverter,JDBCMySQLConverter,JDBCMySQLDataset,JDBCSQLServerConverter,JDBCCassandraConverter,JDBCCassandraDataset,JDBCConverter,JDBCOracleDataset,EqualFrequencyDiscretization,EqualWidthDiscretization,MDLPDiscretize,RemovePercentage,RemoveDuplicates,AverageAttack,SegmentAttack,ReverseBandwagonAttack,RandomAttack,IntruderAttack,LoveHateAttack,BandwagonAttack,DatasetStrategy,KFolds,InvalidValue,Range,NullValue,EmptyValue,DoubleRange,MissingValue
"""?"",""?"",""?"",""?"",""?"",""?"",""?"",""?"",""?"",""?"",""?"",""?"",""?"",""?"",""?"",""?"",""?"",""?"",""?"",""?"",""?"",""4,0"",""?"",""?"",""?"",""?"",""?"",""?"",""?"",""?"",""?"",""?"",""?"",""?"",""?"",""?"",""?"",""?"",""?"",""?"",""?"",""?"",""?"",""?"",""?"",""?"",""?"",""?"",""?"",""?"",""?"",""?"",""?"",""?"",""?"",""?"",""?"",""?"",""?"""
"""?"",""?"",""?"",""?"",""?"",""?"",""?"",""?"",""?"",""?"",""?"",""?"",""?"",""?"",""?"",""?"",""?"",""?"",""?"",""?"",""?"",""?"",""?"",""?"",""5,0"",""?"",""?"",""?"",""?"",""?"",""?"",""?"",""?"",""?"",""?"",""?"",""?"",""?"",""?"",""?"",""?"",""?"",""?"",""?"",""?"",""?"",""?"",""?"",""?"",""?"",""?"",""?"",""?"",""?"",""?"",""?"",""?"",""?"",""?"""
"""?"",""?"",""?"",""?"",""?"",""?"",""5,0"",""5,0"",""?"",""5,0"",""5,0"",""5,0"",""?"",""?"",""5,0"",""5,0"",""1,0"",""?"",""3,0"",""?"",""?"",""?"",""?"",""?"",""4,0"",""?"",""?"",""?"",""?"",""?"",""?"",""?"",""?"",""?"",""?"",""?"",""?"",""?"",""?"",""?"",""?"",""?"",""?"",""?"",""?"",""?"",""?"",""?"",""?"",""?"",""?"",""?"",""?"",""?"",""?"",""?"",""?"",""?"",""?"""
"""?"",""?"",""?"",""?"",""?"",""?"",""?"",""?"",""?"",""?"",""?"",""?"",""?"",""?"",""?"",""?"",""?"",""?"",""5,0"",""?"",""5,0"",""?"",""?"",""?"",""?"",""?"",""?"",""?"",""?"",""?"",""?"",""?"",""?"",""?"",""?"",""?"",""?"",""?"",""?"",""?"",""?"",""?"",""?"",""?"",""?"",""?"",""?"",""?"",""?"",""?"",""?"",""?"",""?"",""?"",""?"",""?"",""?"",""?"",""?"""
"""?"",""?"",""?"",""?"",""?"",""?"",""?"",""?"",""?"",""?"",""?"",""?"",""?"",""?"",""?"",""?"",""?"",""?"",""5,0"",""?"",""?"",""?"",""?"",""?"",""?"",""?"",""?"",""?"",""?"",""?"",""?"",""?"",""?"",""?"",""?"",""?"",""?"",""?"",""?"",""?"",""?"",""?"",""?"",""?"",""?"",""?"",""?"",""?"",""?"",""?"",""?"",""?"",""?"",""?"",""?"",""?"",""?"",""?"",""?"""
"""?"",""?"",""?"",""?"",""?"",""?"",""?"",""?"",""?"",""?"",""?"",""?"",""?"",""?"",""?"",""?"",""?"",""?"",""5,0"",""?"",""?"",""?"",""?"",""?"",""?"",""?"",""?"",""?"",""?"",""?"",""?"",""?"",""?"",""?"",""?"",""?"",""?"",""?"",""?"",""?"",""?"",""?"",""?"",""?"",""?"",""?"",""?"",""?"",""?"",""?"",""?"",""?"",""?"",""?"",""?"",""?"",""?"",""?"",""?"""
"""?"",""?"",""5,0"",""?"",""?"",""?"",""?"",""?"",""?"",""?"",""?"",""?"",""?"",""?"",""?"",""?"",""?"",""?"",""?"",""?"",""?"",""?"",""?"",""?"",""?"",""?"",""?"",""?"",""?"",""?"",""?"",""?"",""?"",""?"",""?"",""?"",""?"",""?"",""?"",""?"",""?"",""?"",""?"",""?"",""?"",""?"",""?"",""?"",""?"",""?"",""?"",""?"",""?"",""?"",""?"",""?"",""?"",""?"",""?"""
"""?"",""?"",""5,0"",""?"",""?"",""?"",""?"",""?"",""?"",""?"",""?"",""?"",""?"",""?"",""?"",""?"",""?"",""?"",""?"",""?"",""?"",""?"",""?"",""?"",""?"",""?"",""?"",""?"",""?"",""?"",""?"",""?"",""?"",""?"",""?"",""?"",""?"",""?"",""?"",""?"",""?"",""?"",""?"",""?"",""?"",""?"",""?"",""?"",""?"",""?"",""?"",""?"",""?"",""?"",""?"",""?"",""?"",""?"",""?"""
"""?"",""?"",""?"",""?"",""?"",""?"",""?"",""?"",""?"",""?"",""?"",""?"",""?"",""?"",""?"",""?"",""?"",""?"",""5,0"",""?"",""?"",""?"",""?"",""?"",""?"",""?"",""?"",""?"",""?"",""?"",""?"",""?"",""?"",""?"",""?"",""?"",""?"",""?"",""?"",""?"",""?"",""?"",""?"",""?"",""?"",""?"",""?"",""?"",""?"",""?"",""?"",""?"",""?"",""?"",""?"",""?"",""?"",""?"",""?"""
"""?"",""?"",""5,0"",""?"",""?"",""?"",""?"",""?"",""?"",""?"",""?"",""?"",""?"",""?"",""?"",""?"",""?"",""?"",""?"",""?"",""?"",""?"",""?"",""?"",""?"",""?"",""?"",""?"",""?"",""?"",""?"",""?"",""?"",""?"",""?"",""?"",""?"",""?"",""?"",""?"",""2,0"",""?"",""?"",""?"",""?"",""?"",""?"",""?"",""?"",""?"",""?"",""?"",""?"",""?"",""3,0"",""?"",""?"",""?"",""?"""
"""?"",""?"",""5,0"",""?"",""?"",""?"",""?"",""?"",""?"",""?"",""?"",""?"",""?"",""?"",""?"",""?"",""?"",""?"",""?"",""?"",""?"",""?"",""?"",""?"",""?"",""?"",""?"",""?"",""?"",""?"",""?"",""?"",""?"",""?"",""?"",""?"",""?"",""?"",""?"",""?"",""?"",""?"",""?"",""?"",""?"",""?"",""?"",""?"",""?"",""?"",""?"",""?"",""?"",""?"",""?"",""?"",""?"",""?"",""?"""
"""?"",""?"",""5,0"",""?"",""?"",""?"",""?"",""?"",""?"",""?"",""?"",""?"",""?"",""5,0"",""?"",""?"",""?"",""?"",""?"",""?"",""?"",""?"",""?"",""?"",""?"",""?"",""?"",""?"",""?"",""?"",""?"",""?"",""?"",""?"",""?"",""?"",""?"",""?"",""?"",""?"",""2,0"",""?"",""?"",""?"",""?"",""?"",""?"",""?"",""?"",""?"",""?"",""?"",""?"",""?"",""?"",""?"",""?"",""?"",""?"""
"""?"",""?"",""?"",""?"",""?"",""?"",""?"",""?"",""?"",""?"",""?"",""?"",""?"",""?"",""?"",""?"",""?"",""?"",""5,0"",""?"",""?"",""?"",""?"",""?"",""?"",""?"",""?"",""?"",""?"",""?"",""?"",""?"",""?"",""?"",""?"",""?"",""?"",""?"",""?"",""?"",""?"",""?"",""?"",""?"",""?"",""?"",""?"",""?"",""?"",""?"",""?"",""?"",""?"",""?"",""?"",""?"",""?"",""?"",""?"""
"""?"",""?"",""?"",""?"",""?"",""?"",""?"",""?"",""?"",""?"",""?"",""5,0"",""?"",""?"",""?"",""?"",""?"",""?"",""?"",""?"",""?"",""?"",""?"",""?"",""?"",""?"",""?"",""?"",""?"",""?"",""?"",""?"",""?"",""?"",""?"",""?"",""?"",""?"",""?"",""?"",""?"",""?"",""?"",""?"",""?"",""?"",""?"",""?"",""?"",""?"",""?"",""?"",""?"",""?"",""?"",""?"",""?"",""?"",""?"""
"""?"",""?"",""5,0"",""?"",""?"",""?"",""?"",""?"",""?"",""?"",""?"",""?"",""?"",""?"",""?"",""?"",""?"",""?"",""?"",""?"",""?"",""?"",""?"",""?"",""?"",""?"",""?"",""?"",""?"",""?"",""?"",""?"",""?"",""?"",""?"",""?"",""?"",""?"",""?"",""?"",""?"",""?"",""?"",""?"",""?"",""?"",""?"",""?"",""?"",""?"",""?"",""?"",""?"",""?"",""?"",""?"",""?"",""?"",""?"""
"""?"",""?"",""5,0"",""?"",""?"",""?"",""?"",""?"",""?"",""?"",""?"",""?"",""?"",""?"",""?"",""?"",""?"",""?"",""?"",""?"",""?"",""?"",""?"",""?"",""?"",""?"",""?"",""?"",""?"",""?"",""?"",""?"",""?"",""?"",""?"",""?"",""?"",""?"",""?"",""?"",""?"",""?"",""?"",""?"",""?"",""?"",""?"",""?"",""?"",""?"",""?"",""?"",""?"",""?"",""?"",""?"",""?"",""?"",""?"""
"""?"",""?"",""1,0"",""?"",""?"",""?"",""?"",""?"",""?"",""?"",""?"",""?"",""?"",""?"",""?"",""?"",""?"",""?"",""?"",""?"",""?"",""?"",""?"",""?"",""?"",""?"",""?"",""?"",""?"",""?"",""?"",""?"",""?"",""?"",""?"",""?"",""?"",""?"",""?"",""?"",""?"",""?"",""?"",""?"",""?"",""?"",""?"",""?"",""?"",""?"",""?"",""?"",""?"",""?"",""?"",""?"",""?"",""?"",""?"""
"""?"",""?"",""?"",""?"",""?"",""?"",""?"",""?"",""?"",""?"",""?"",""?"",""?"",""?"",""?"",""?"",""?"",""?"",""5,0"",""?"",""?"",""?"",""?"",""?"",""?"",""?"",""?"",""?"",""?"",""?"",""?"",""?"",""?"",""?"",""?"",""?"",""?"",""?"",""?"",""?"",""?"",""?"",""?"",""?"",""?"",""?"",""?"",""?"",""?"",""?"",""?"",""?"",""?"",""?"",""?"",""?"",""?"",""?"",""?"""
"""?"",""?"",""3,0"",""5,0"",""5,0"",""5,0"",""?"",""?"",""5,0"",""?"",""?"",""?"",""5,0"",""?"",""?"",""?"",""?"",""5,0"",""?"",""5,0"",""?"",""?"",""?"",""?"",""?"",""?"",""?"",""?"",""?"",""?"",""?"",""?"",""?"",""?"",""?"",""?"",""?"",""?"",""?"",""?"",""?"",""?"",""?"",""?"",""?"",""?"",""?"",""?"",""?"",""?"",""?"",""?"",""?"",""2,1"",""?"",""?"",""?"",""?"",""?"""
"""?"",""?"",""?"",""?"",""?"",""?"",""?"",""?"",""?"",""?"",""?"",""?"",""?"",""?"",""?"",""?"",""?"",""?"",""5,0"",""?"",""?"",""?"",""?"",""?"",""?"",""?"",""?"",""?"",""?"",""?"",""?"",""?"",""?"",""?"",""?"",""?"",""?"",""?"",""?"",""?"",""?"",""?"",""?"",""?"",""?"",""?"",""?"",""?"",""?"",""?"",""?"",""?"",""?"",""?"",""?"",""?"",""?"",""?"",""?"""
"""?"",""?"",""?"",""5,0"",""?"",""?"",""?"",""?"",""?"",""?"",""?"",""?"",""?"",""?"",""?"",""?"",""?"",""?"",""?"",""?"",""?"",""?"",""?"",""?"",""?"",""?"",""?"",""?"",""?"",""?"",""?"",""?"",""?"",""?"",""?"",""?"",""?"",""?"",""?"",""?"",""?"",""?"",""?"",""?"",""?"",""?"",""?"",""?"",""?"",""?"",""?"",""?"",""?"",""?"",""?"",""?"",""?"",""?"",""?"""
"""4,0"",""?"",""?"",""?"",""?"",""?"",""?"",""?"",""?"",""?"",""?"",""?"",""?"",""?"",""?"",""?"",""?"",""?"",""?"",""?"",""?"",""?"",""?"",""?"",""5,0"",""?"",""?"",""?"",""5,0"",""?"",""?"",""?"",""?"",""?"",""?"",""?"",""?"",""?"",""?"",""?"",""?"",""?"",""?"",""?"",""?"",""?"",""?"",""?"",""?"",""?"",""?"",""?"",""?"",""?"",""?"",""?"",""?"",""?"",""?"""
"""?"",""?"",""?"",""?"",""?"",""?"",""?"",""?"",""?"",""?"",""?"",""?"",""?"",""?"",""?"",""?"",""?"",""?"",""?"",""?"",""?"",""?"",""?"",""?"",""2,1"",""?"",""?"",""?"",""?"",""?"",""?"",""?"",""?"",""?"",""?"",""?"",""?"",""?"",""?"",""?"",""?"",""?"",""?"",""?"",""?"",""?"",""?"",""?"",""?"",""?"",""?"",""?"",""?"",""?"",""?"",""?"",""?"",""?"",""?"""
"""?"",""?"",""?"",""?"",""?"",""?"",""?"",""?"",""?"",""?"",""?"",""?"",""?"",""?"",""?"",""?"",""?"",""?"",""?"",""?"",""?"",""?"",""?"",""?"",""5,0"",""5,0"",""5,0"",""5,0"",""?"",""?"",""?"",""?"",""?"",""?"",""?"",""?"",""?"",""?"",""?"",""?"",""?"",""?"",""?"",""?"",""?"",""?"",""?"",""?"",""?"",""?"",""?"",""?"",""?"",""?"",""?"",""?"",""?"",""?"",""?"""
"""?"",""5,0"",""4,0"",""?"",""?"",""?"",""?"",""?"",""?"",""?"",""?"",""?"",""?"",""?"",""?"",""?"",""?"",""?"",""?"",""?"",""?"",""5,0"",""2,0"",""5,0"",""?"",""?"",""?"",""?"",""?"",""?"",""?"",""?"",""?"",""?"",""?"",""?"",""?"",""1,0"",""?"",""?"",""?"",""?"",""?"",""?"",""?"",""?"",""?"",""?"",""?"",""?"",""?"",""1,0"",""?"",""?"",""?"",""?"",""?"",""?"",""?"""
"""?"",""?"",""?"",""?"",""?"",""?"",""?"",""?"",""?"",""?"",""?"",""?"",""?"",""?"",""?"",""?"",""?"",""?"",""?"",""?"",""?"",""?"",""?"",""5,0"",""?"",""?"",""?"",""?"",""?"",""?"",""?"",""?"",""?"",""?"",""?"",""?"",""?"",""?"",""?"",""?"",""?"",""?"",""?"",""?"",""?"",""?"",""?"",""?"",""?"",""?"",""?"",""?"",""?"",""?"",""?"",""?"",""?"",""?"",""?"""
"""?"",""?"",""?"",""?"",""?"",""?"",""?"",""?"",""?"",""?"",""?"",""?"",""?"",""?"",""?"",""?"",""?"",""?"",""?"",""?"",""?"",""?"",""?"",""5,0"",""?"",""?"",""?"",""?"",""?"",""?"",""?"",""?"",""?"",""?"",""?"",""?"",""?"",""?"",""?"",""?"",""?"",""?"",""?"",""?"",""?"",""?"",""?"",""?"",""?"",""?"",""?"",""?"",""?"",""?"",""?"",""?"",""?"",""?"",""?"""
"""?"",""?"",""?"",""?"",""?"",""?"",""?"",""?"",""?"",""?"",""?"",""?"",""?"",""?"",""?"",""?"",""?"",""?"",""?"",""?"",""?"",""?"",""?"",""5,0"",""?"",""?"",""?"",""?"",""?"",""5,0,5,0"",""?"",""?"",""?"",""?"",""?"",""?"",""?"",""?"",""?"",""?"",""?"",""?"",""?"",""?"",""?"",""?"",""?"",""?"",""?"",""?"",""?"",""?"",""?"",""?"",""?"",""?"",""?"",""?"",""?"""
"""?"",""?"",""?"",""?"",""?"",""?"",""?"",""?"",""?"",""?"",""?"",""?"",""?"",""?"",""?"",""?"",""?"",""?"",""?"",""?"",""?"",""5,0"",""?"",""?"",""?"",""?"",""?"",""?"",""?"",""?"",""5,0"",""?"",""?"",""5,0"",""?"",""?"",""5,0"",""3,0"",""5,0"",""?"",""?"",""?"",""?"",""?"",""?"",""?"",""?"",""?"",""?"",""?"",""?"",""?"",""?"",""?"",""?"",""?"",""?"",""?"",""?"""
"""?"",""?"",""?"",""?"",""?"",""?"",""?"",""?"",""?"",""?"",""?"",""?"",""?"",""?"",""?"",""?"",""?"",""?"",""?"",""?"",""?"",""?"",""?"",""?"",""?"",""?"",""?"",""5,0,5,0"",""?"",""?"",""?"",""?"",""?"",""?"",""?"",""?"",""?"",""?"",""?"",""?"",""?"",""?"",""?"",""?"",""?"",""?"",""?"",""?"",""?"",""?"",""?"",""?"",""?"",""?"",""?"",""?"",""?"",""?"",""?"""
"""?"",""?"",""?"",""?"",""?"",""?"",""?"",""?"",""?"",""?"",""?"",""?"",""?"",""?"",""?"",""?"",""?"",""?"",""?"",""?"",""?"",""?"",""?"",""?"",""?"",""?"",""?"",""?"",""5,0"",""?"",""?"",""?"",""?"",""?"",""?"",""?"",""?"",""?"",""?"",""?"",""?"",""?"",""?"",""?"",""?"",""?"",""?"",""?"",""?"",""?"",""?"",""?"",""?"",""?"",""?"",""?"",""?"",""?"",""?"""
"""?"",""?"",""?"",""?"",""?"",""?"",""?"",""?"",""?"",""?"",""?"",""?"",""?"",""?"",""?"",""?"",""?"",""?"",""?"",""?"",""?"",""?"",""?"",""?"",""?"",""?"",""?"",""?"",""?"",""?"",""?"",""?"",""?"",""?"",""?"",""?"",""?"",""5,0"",""?"",""?"",""?"",""?"",""?"",""?"",""?"",""?"",""?"",""?"",""?"",""?"",""?"",""?"",""?"",""?"",""?"",""?"",""?"",""?"",""?"""
"""?"",""?"",""?"",""?"",""?"",""?"",""?"",""?"",""?"",""?"",""?"",""?"",""?"",""?"",""?"",""?"",""?"",""?"",""?"",""?"",""?"",""?"",""?"",""?"",""?"",""?"",""?"",""?"",""?"",""?"",""?"",""?"",""?"",""?"",""?"",""?"",""?"",""5,0"",""?"",""?"",""?"",""?"",""?"",""?"",""?"",""?"",""?"",""?"",""?"",""?"",""?"",""?"",""?"",""?"",""?"",""?"",""?"",""?"",""?"""
"""?"",""?"",""?"",""?"",""?"",""?"",""?"",""?"",""?"",""?"",""?"",""?"",""?"",""?"",""?"",""?"",""?"",""?"",""?"",""?"",""?"",""?"",""?"",""?"",""?"",""?"",""?"",""?"",""5,0"",""?"",""?"",""?"",""?"",""?"",""?"",""?"",""?"",""?"",""?"",""?"",""?"",""?"",""?"",""?"",""?"",""?"",""?"",""?"",""?"",""?"",""?"",""?"",""?"",""?"",""?"",""?"",""?"",""?"",""?"""
"""?"",""?"",""?"",""?"",""?"",""?"",""?"",""?"",""?"",""?"",""?"",""?"",""?"",""?"",""?"",""?"",""?"",""?"",""?"",""?"",""?"",""?"",""?"",""?"",""?"",""?"",""?"",""?"",""?"",""?"",""?"",""?"",""?"",""?"",""?"",""?"",""?"",""5,0"",""?"",""?"",""?"",""?"",""?"",""?"",""?"",""?"",""?"",""?"",""?"",""?"",""?"",""?"",""?"",""?"",""?"",""?"",""?"",""?"",""?"""
"""?"",""?"",""?"",""?"",""?"",""?"",""?"",""?"",""?"",""?"",""?"",""?"",""?"",""?"",""?"",""?"",""?"",""?"",""?"",""?"",""?"",""?"",""?"",""?"",""?"",""?"",""?"",""?"",""?"",""?"",""?"",""?"",""?"",""?"",""?"",""?"",""?"",""5,0"",""?"",""?"",""?"",""?"",""?"",""?"",""?"",""?"",""?"",""?"",""?"",""?"",""?"",""?"",""?"",""?"",""?"",""?"",""?"",""?"",""?"""
"""?"",""?"",""?"",""?"",""?"",""?"",""?"",""?"",""?"",""?"",""?"",""?"",""?"",""?"",""?"",""?"",""?"",""?"",""?"",""?"",""?"",""?"",""?"",""?"",""?"",""?"",""?"",""?"",""5,0"",""?"",""?"",""?"",""?"",""?"",""?"",""?"",""?"",""?"",""?"",""?"",""?"",""?"",""?"",""?"",""?"",""?"",""?"",""?"",""?"",""?"",""?"",""?"",""?"",""?"",""?"",""?"",""?"",""?"",""?"""
"""?"",""?"",""?"",""?"",""?"",""?"",""?"",""?"",""?"",""?"",""?"",""?"",""?"",""?"",""?"",""?"",""?"",""?"",""?"",""?"",""?"",""?"",""?"",""?"",""1,1"",""?"",""?"",""?"",""3,0"",""?"",""?"",""5,0"",""5,0"",""?"",""5,0"",""5,0"",""?"",""?"",""?"",""?"",""?"",""?"",""?"",""?"",""?"",""?"",""?"",""?"",""?"",""?"",""?"",""?"",""?"",""?"",""?"",""?"",""?"",""?"",""?"""
"""?"",""?"",""?"",""?"",""?"",""?"",""?"",""?"",""?"",""?"",""?"",""?"",""?"",""?"",""?"",""?"",""?"",""?"",""?"",""?"",""?"",""?"",""?"",""?"",""?"",""?"",""?"",""?"",""5,0"",""?"",""?"",""?"",""?"",""?"",""?"",""?"",""?"",""?"",""?"",""?"",""?"",""?"",""?"",""?"",""?"",""?"",""?"",""?"",""?"",""?"",""?"",""?"",""?"",""?"",""?"",""?"",""?"",""?"",""?"""
"""?"",""?"",""?"",""?"",""?"",""?"",""?"",""?"",""?"",""?"",""?"",""?"",""?"",""?"",""?"",""?"",""?"",""?"",""?"",""?"",""?"",""?"",""?"",""?"",""?"",""?"",""?"",""?"",""?"",""?"",""?"",""?"",""?"",""?"",""?"",""?"",""?"",""?"",""?"",""?"",""5,0"",""?"",""?"",""?"",""?"",""?"",""?"",""?"",""?"",""?"",""?"",""?"",""?"",""?"",""?"",""?"",""?"",""?"",""?"""
"""?"",""?"",""?"",""?"",""?"",""?"",""?"",""?"",""?"",""2,1"",""?"",""2,1"",""?"",""?"",""?"",""?"",""?"",""?"",""?"",""?"",""?"",""?"",""?"",""?"",""?"",""?"",""?"",""?"",""?"",""?"",""?"",""?"",""?"",""?"",""?"",""?"",""?"",""?"",""?"",""5,0"",""?"",""?"",""?"",""?"",""?"",""?"",""?"",""?"",""?"",""?"",""?"",""5,0"",""?"",""?"",""?"",""?"",""?"",""?"",""?"""
"""?"",""?"",""?"",""?"",""?"",""?"",""?"",""?"",""?"",""?"",""?"",""?"",""?"",""?"",""?"",""?"",""?"",""?"",""?"",""?"",""?"",""?"",""?"",""?"",""?"",""?"",""?"",""?"",""?"",""?"",""?"",""?"",""?"",""?"",""?"",""?"",""?"",""?"",""?"",""?"",""?"",""?"",""?"",""?"",""?"",""?"",""?"",""?"",""?"",""?"",""?"",""5,0"",""?"",""?"",""?"",""?"",""?"",""?"",""?"""
"""?"",""?"",""?"",""?"",""?"",""?"",""?"",""?"",""?"",""?"",""?"",""?"",""?"",""?"",""?"",""?"",""?"",""?"",""?"",""?"",""?"",""?"",""?"",""?"",""?"",""?"",""?"",""?"",""?"",""?"",""?"",""?"",""?"",""?"",""?"",""?"",""?"",""?"",""?"",""?"",""?"",""?"",""?"",""?"",""?"",""?"",""?"",""?"",""?"",""?"",""?"",""5,0"",""?"",""?"",""?"",""?"",""?"",""?"",""?"""
"""?"",""?"",""?"",""?"",""?"",""?"",""?"",""?"",""?"",""?"",""?"",""?"",""?"",""?"",""?"",""?"",""?"",""?"",""?"",""?"",""?"",""?"",""?"",""?"",""?"",""?"",""?"",""?"",""?"",""?"",""?"",""?"",""?"",""?"",""?"",""?"",""?"",""?"",""?"",""?"",""?"",""?"",""?"",""?"",""?"",""?"",""?"",""?"",""?"",""?"",""?"",""5,0"",""?"",""?"",""?"",""?"",""?"",""?"",""?"""
"""?"",""?"",""?"",""?"",""?"",""?"",""?"",""?"",""?"",""?"",""?"",""?"",""?"",""?"",""?"",""?"",""?"",""?"",""?"",""?"",""?"",""?"",""?"",""?"",""?"",""?"",""?"",""?"",""?"",""?"",""?"",""?"",""?"",""?"",""?"",""?"",""?"",""?"",""?"",""?"",""?"",""?"",""?"",""?"",""?"",""?"",""?"",""?"",""5,0"",""?"",""?"",""?"",""?"",""?"",""?"",""?"",""?"",""?"",""?"""
"""?"",""?"",""?"",""?"",""?"",""?"",""?"",""?"",""?"",""?"",""?"",""?"",""?"",""?"",""?"",""?"",""?"",""?"",""?"",""?"",""?"",""?"",""?"",""?"",""?"",""?"",""?"",""?"",""?"",""?"",""?"",""?"",""?"",""?"",""?"",""?"",""?"",""?"",""?"",""?"",""?"",""?"",""?"",""?"",""?"",""?"",""?"",""?"",""5,0"",""?"",""?"",""?"",""?"",""?"",""?"",""?"",""?"",""?"",""?"""
"""?"",""?"",""?"",""?"",""?"",""?"",""?"",""?"",""?"",""?"",""?"",""?"",""?"",""?"",""?"",""?"",""?"",""?"",""?"",""?"",""?"",""?"",""?"",""?"",""?"",""?"",""?"",""?"",""?"",""?"",""?"",""?"",""?"",""?"",""?"",""?"",""?"",""?"",""?"",""?"",""?"",""?"",""?"",""?"",""?"",""?"",""?"",""?"",""?"",""?"",""5,0"",""?"",""?"",""?"",""?"",""?"",""?"",""?"",""?"""
"""?"",""?"",""?"",""?"",""?"",""?"",""?"",""?"",""?"",""?"",""?"",""?"",""?"",""?"",""?"",""?"",""?"",""?"",""?"",""?"",""?"",""?"",""?"",""?"",""?"",""?"",""?"",""?"",""?"",""?"",""?"",""?"",""?"",""?"",""?"",""?"",""?"",""?"",""?"",""?"",""?"",""?"",""?"",""?"",""?"",""?"",""?"",""?"",""5,0"",""?"",""?"",""?"",""?"",""?"",""?"",""?"",""?"",""?"",""?"""
"""?"",""?"",""?"",""?"",""?"",""?"",""?"",""?"",""?"",""?"",""?"",""?"",""?"",""?"",""?"",""?"",""?"",""?"",""?"",""?"",""?"",""?"",""?"",""?"",""?"",""?"",""?"",""?"",""?"",""?"",""?"",""?"",""?"",""?"",""?"",""?"",""?"",""?"",""?"",""?"",""?"",""?"",""?"",""?"",""5,0"",""5,0"",""?"",""5,0"",""?"",""5,0"",""5,0"",""5,0"",""?"",""?"",""?"",""?"",""?"",""?"",""?"""
"""?"",""?"",""?"",""?"",""?"",""?"",""?"",""?"",""?"",""?"",""?"",""?"",""?"",""?"",""?"",""?"",""?"",""?"",""?"",""?"",""?"",""?"",""?"",""?"",""?"",""?"",""?"",""?"",""?"",""?"",""?"",""?"",""?"",""?"",""?"",""?"",""?"",""?"",""?"",""?"",""?"",""?"",""?"",""?"",""?"",""?"",""?"",""?"",""5,0"",""?"",""?"",""?"",""?"",""?"",""?"",""?"",""?"",""?"",""?"""
"""?"",""?"",""?"",""?"",""?"",""?"",""?"",""?"",""?"",""?"",""?"",""?"",""?"",""?"",""?"",""?"",""?"",""?"",""?"",""?"",""?"",""?"",""?"",""?"",""?"",""?"",""?"",""?"",""?"",""?"",""?"",""?"",""?"",""?"",""?"",""?"",""?"",""?"",""?"",""?"",""?"",""?"",""?"",""?"",""?"",""?"",""5,0"",""?"",""5,0"",""?"",""?"",""?"",""?"",""?"",""?"",""?"",""?"",""?"",""?"""
"""?"",""?"",""?"",""?"",""?"",""?"",""?"",""?"",""?"",""?"",""?"",""?"",""?"",""?"",""?"",""?"",""?"",""?"",""?"",""?"",""?"",""?"",""?"",""?"",""1,1"",""?"",""?"",""?"",""?"",""?"",""?"",""?"",""?"",""?"",""?"",""?"",""?"",""?"",""?"",""?"",""5,0"",""5,0"",""5,0"",""5,0"",""?"",""?"",""?"",""?"",""5,0"",""?"",""?"",""?"",""5,0"",""?"",""?"",""?"",""?"",""?"",""?"""
"""?"",""?"",""?"",""?"",""?"",""?"",""?"",""?"",""?"",""?"",""?"",""?"",""?"",""?"",""?"",""?"",""?"",""?"",""?"",""?"",""?"",""?"",""?"",""?"",""?"",""?"",""?"",""?"",""?"",""?"",""?"",""?"",""?"",""?"",""?"",""?"",""?"",""?"",""?"",""?"",""?"",""?"",""?"",""?"",""?"",""?"",""?"",""?"",""?"",""?"",""?"",""5,0"",""?"",""?"",""?"",""?"",""?"",""?"",""?"""
"""?"",""?"",""?"",""?"",""?"",""?"",""?"",""?"",""?"",""?"",""?"",""?"",""?"",""?"",""?"",""?"",""?"",""?"",""2,0"",""?"",""?"",""?"",""?"",""?"",""?"",""?"",""?"",""?"",""?"",""?"",""?"",""?"",""?"",""?"",""?"",""?"",""?"",""?"",""?"",""?"",""?"",""?"",""?"",""?"",""?"",""?"",""?"",""?"",""?"",""?"",""?"",""?"",""?"",""?"",""?"",""5,0"",""5,0"",""?"",""5,0"""
"""?"",""?"",""?"",""?"",""?"",""?"",""?"",""?"",""?"",""3,0"",""?"",""?"",""?"",""?"",""?"",""?"",""?"",""?"",""?"",""?"",""?"",""?"",""?"",""?"",""?"",""?"",""?"",""?"",""?"",""?"",""?"",""?"",""?"",""?"",""?"",""?"",""?"",""?"",""?"",""?"",""?"",""?"",""?"",""?"",""?"",""?"",""?"",""?"",""?"",""?"",""?"",""?"",""?"",""?"",""?"",""?"",""?"",""5,0"",""?"""
"""?"",""?"",""?"",""?"",""?"",""?"",""?"",""?"",""?"",""?"",""?"",""?"",""?"",""?"",""?"",""?"",""?"",""?"",""?"",""?"",""?"",""?"",""?"",""?"",""?"",""?"",""?"",""?"",""?"",""?"",""?"",""?"",""?"",""?"",""?"",""?"",""?"",""?"",""?"",""?"",""?"",""?"",""?"",""?"",""?"",""?"",""?"",""?"",""?"",""?"",""?"",""?"",""?"",""5,0"",""?"",""?"",""?"",""?"",""?"""
"""?"",""?"",""?"",""?"",""?"",""?"",""?"",""?"",""?"",""?"",""?"",""?"",""?"",""?"",""?"",""?"",""?"",""?"",""?"",""?"",""?"",""?"",""?"",""?"",""?"",""?"",""?"",""?"",""?"",""?"",""?"",""?"",""?"",""?"",""?"",""?"",""?"",""?"",""?"",""?"",""?"",""?"",""?"",""?"",""?"",""?"",""?"",""?"",""?"",""?"",""?"",""?"",""?"",""5,0"",""?"",""?"",""?"",""?"",""?"""
"""?"",""?"",""?"",""?"",""?"",""?"",""?"",""?"",""?"",""?"",""?"",""?"",""?"",""?"",""?"",""?"",""?"",""?"",""?"",""?"",""?"",""?"",""?"",""?"",""?"",""?"",""?"",""?"",""?"",""?"",""?"",""?"",""?"",""?"",""?"",""?"",""?"",""?"",""?"",""?"",""?"",""?"",""?"",""?"",""?"",""?"",""?"",""?"",""?"",""?"",""?"",""?"",""?"",""?"",""5,0"",""?"",""?"",""?"",""?"""
"""?"",""?"",""?"",""?"",""?"",""?"",""?"",""?"",""?"",""?"",""?"",""?"",""?"",""?"",""?"",""?"",""?"",""?"",""?"",""?"",""?"",""?"",""?"",""?"",""?"",""?"",""?"",""?"",""?"",""?"",""?"",""?"",""?"",""?"",""?"",""?"",""?"",""?"",""?"",""?"",""?"",""?"",""?"",""?"",""?"",""?"",""?"",""?"",""?"",""?"",""?"",""?"",""?"",""5,0"",""?"",""?"",""?"",""?"",""?"""
