FormulaController,CellRefInfo,CellRef,FormulaPartInfo,FormulaPart,ListRange,FormulaResolver,BaseFormulaResolver,AbstractFormulaController,Formula,CommonFormulaResolver,FormulaInfo,SheetHelper,FormulaUtil,ReportUtil,TagBodyHelper,GroupData,ChainTransformer,Row,CollectionRowTransformer,AbstractTransformer,MergedRegion,SheetTransformer,CellTransformer,Configuration,BaseRowTransformer,Sheet,RowCollection,Workbook,XLSTransformer,TagRowTransformer,SimpleRowTransformer,PropertyPreprocessor,AbstractProcessor,CellProcessor,RowProcessor,AbstractWorkbookCellFinder,WorkbookTransformationController,SheetTransformationController,AbstractWorkbookTransformationController,SheetCellFinder,WorkbookCellFinder,AbstractSheetTransformationController,Point,IfTag,BaseTag,OutTag,Block,JxTaglib,TagContext,Tag,LoopStatus,OutlineTag,TagLib,ForEachTag,SQLTag,ReportManager,Transformation,DuplicateTransformationByColumns,ShiftTransformation,BlockTransformation,ResultTransformation,BaseTransformation,RemoveTransformation,DuplicateTransformation,Minimum,Property,Maximum,ExpressionParser,ExpressionCollectionParser,Aggregator,Expression,Average,Sum,Count,CellParser,Cell,XLSLoopBlockReader,XLSSheetReader,XLSReadMessage,SectionCheck,BaseBlockReader,SimpleSectionCheck,XLSBlockReader,XLSForEachBlockReader,SimpleBlockReader,XLSReader,ReaderExpressionCollectionParser,ReaderConfig,AbstractChecker,XLSReadStatus,BeanCellMapping,ReaderBuilder,XLSRowCursor,OffsetRowCheck,OffsetCellCheck
"""?"",""?"",""?"",""?"",""?"",""?"",""?"",""?"",""5,0"",""?"",""?"",""?"",""?"",""?"",""?"",""?"",""?"",""?"",""?"",""?"",""?"",""?"",""?"",""?"",""?"",""?"",""?"",""?"",""?"",""1,0"",""?"",""?"",""?"",""?"",""?"",""?"",""?"",""?"",""?"",""?"",""?"",""?"",""?"",""?"",""?"",""?"",""?"",""?"",""?"",""?"",""?"",""?"",""?"",""?"",""?"",""?"",""?"",""?"",""?"",""?"",""?"",""?"",""?"",""?"",""?"",""?"",""?"",""?"",""?"",""?"",""?"",""?"",""?"",""?"",""?"",""?"",""?"",""?"",""?"",""?"",""?"",""?"",""?"",""?"",""?"",""?"",""?"",""?"",""?"",""?"",""?"",""?"",""?"",""?"",""?"",""?"""
"""?"",""?"",""4,0"",""?"",""?"",""?"",""?"",""?"",""?"",""?"",""?"",""?"",""?"",""?"",""?"",""?"",""?"",""?"",""?"",""?"",""?"",""?"",""?"",""?"",""?"",""?"",""?"",""?"",""?"",""?"",""?"",""?"",""?"",""?"",""?"",""?"",""?"",""?"",""?"",""?"",""?"",""?"",""?"",""?"",""?"",""?"",""?"",""?"",""?"",""?"",""?"",""?"",""?"",""?"",""?"",""?"",""?"",""?"",""?"",""?"",""?"",""?"",""?"",""?"",""?"",""?"",""?"",""?"",""?"",""?"",""?"",""?"",""?"",""?"",""?"",""?"",""?"",""?"",""?"",""?"",""?"",""?"",""?"",""?"",""?"",""?"",""?"",""?"",""?"",""?"",""?"",""?"",""?"",""?"",""?"",""?"""
"""?"",""4,0"",""?"",""?"",""?"",""?"",""?"",""?"",""?"",""1,0"",""?"",""?"",""?"",""?"",""?"",""?"",""?"",""?"",""?"",""?"",""?"",""?"",""?"",""?"",""?"",""?"",""?"",""?"",""?"",""?"",""?"",""?"",""?"",""?"",""?"",""?"",""?"",""?"",""?"",""?"",""?"",""?"",""?"",""?"",""?"",""?"",""?"",""?"",""?"",""?"",""?"",""?"",""?"",""?"",""?"",""?"",""?"",""?"",""?"",""?"",""?"",""?"",""?"",""?"",""?"",""?"",""?"",""?"",""?"",""?"",""?"",""?"",""?"",""?"",""?"",""?"",""?"",""?"",""?"",""?"",""?"",""?"",""?"",""?"",""?"",""?"",""?"",""?"",""?"",""?"",""?"",""?"",""?"",""?"",""?"",""?"""
"""?"",""?"",""?"",""?"",""4,0"",""?"",""?"",""?"",""?"",""?"",""?"",""?"",""?"",""?"",""?"",""?"",""?"",""?"",""?"",""?"",""?"",""?"",""?"",""?"",""?"",""?"",""?"",""?"",""?"",""?"",""?"",""?"",""?"",""?"",""?"",""?"",""?"",""?"",""?"",""?"",""?"",""?"",""?"",""?"",""?"",""?"",""?"",""?"",""?"",""?"",""?"",""?"",""?"",""?"",""?"",""?"",""?"",""?"",""?"",""?"",""?"",""?"",""?"",""?"",""?"",""?"",""?"",""?"",""?"",""?"",""?"",""?"",""?"",""?"",""?"",""?"",""?"",""?"",""?"",""?"",""?"",""?"",""?"",""?"",""?"",""?"",""?"",""?"",""?"",""?"",""?"",""?"",""?"",""?"",""?"",""?"""
"""?"",""?"",""?"",""4,0"",""?"",""?"",""?"",""?"",""?"",""4,0"",""?"",""?"",""?"",""?"",""?"",""?"",""?"",""?"",""?"",""?"",""?"",""?"",""?"",""?"",""?"",""?"",""?"",""?"",""?"",""?"",""?"",""?"",""?"",""?"",""?"",""?"",""?"",""?"",""?"",""?"",""?"",""?"",""?"",""?"",""?"",""?"",""?"",""?"",""?"",""?"",""?"",""?"",""?"",""?"",""?"",""?"",""?"",""?"",""?"",""?"",""?"",""?"",""?"",""?"",""?"",""?"",""?"",""?"",""?"",""?"",""?"",""?"",""?"",""?"",""?"",""?"",""?"",""?"",""?"",""?"",""?"",""?"",""?"",""?"",""?"",""?"",""?"",""?"",""?"",""?"",""?"",""?"",""?"",""?"",""?"",""?"""
"""?"",""?"",""?"",""?"",""?"",""?"",""?"",""2,0"",""?"",""?"",""?"",""?"",""?"",""?"",""?"",""?"",""?"",""?"",""?"",""?"",""?"",""?"",""?"",""?"",""?"",""?"",""?"",""?"",""?"",""?"",""?"",""?"",""?"",""?"",""?"",""?"",""?"",""?"",""?"",""?"",""?"",""?"",""?"",""?"",""?"",""?"",""?"",""?"",""?"",""?"",""?"",""?"",""?"",""?"",""?"",""?"",""?"",""?"",""?"",""?"",""?"",""?"",""?"",""?"",""?"",""?"",""?"",""?"",""?"",""?"",""?"",""?"",""?"",""?"",""?"",""?"",""?"",""?"",""?"",""?"",""?"",""?"",""?"",""?"",""?"",""?"",""?"",""?"",""?"",""?"",""?"",""?"",""?"",""?"",""?"",""?"""
"""?"",""?"",""?"",""?"",""?"",""?"",""?"",""5,0"",""1,0"",""1,1"",""?"",""?"",""?"",""?"",""?"",""?"",""?"",""?"",""?"",""?"",""?"",""?"",""?"",""?"",""?"",""?"",""?"",""?"",""?"",""1,0"",""?"",""?"",""?"",""?"",""?"",""?"",""?"",""?"",""?"",""?"",""?"",""1,1"",""?"",""?"",""?"",""?"",""?"",""?"",""?"",""?"",""?"",""?"",""?"",""?"",""?"",""?"",""?"",""?"",""?"",""?"",""?"",""?"",""?"",""?"",""?"",""?"",""?"",""?"",""?"",""?"",""?"",""?"",""?"",""?"",""?"",""?"",""?"",""?"",""?"",""?"",""?"",""?"",""?"",""?"",""?"",""?"",""?"",""?"",""?"",""?"",""?"",""?"",""?"",""?"",""?"",""?"""
"""?"",""?"",""?"",""?"",""?"",""2,1"",""5,0"",""?"",""?"",""?"",""5,0"",""?"",""?"",""?"",""?"",""?"",""?"",""?"",""?"",""?"",""?"",""?"",""?"",""?"",""?"",""?"",""?"",""?"",""?"",""?"",""?"",""?"",""?"",""?"",""?"",""?"",""?"",""?"",""?"",""?"",""?"",""?"",""?"",""?"",""?"",""?"",""?"",""?"",""?"",""?"",""?"",""?"",""?"",""?"",""?"",""?"",""?"",""?"",""?"",""?"",""?"",""?"",""?"",""?"",""?"",""?"",""?"",""?"",""?"",""?"",""?"",""?"",""?"",""?"",""?"",""?"",""1,1"",""?"",""?"",""?"",""?"",""?"",""?"",""?"",""?"",""?"",""?"",""?"",""?"",""?"",""?"",""?"",""?"",""?"",""?"",""?"""
"""5,0"",""?"",""?"",""?"",""?"",""?"",""1,1"",""?"",""?"",""1,1"",""?"",""?"",""?"",""?"",""?"",""?"",""?"",""?"",""?"",""?"",""?"",""?"",""?"",""?"",""?"",""?"",""?"",""?"",""1,1"",""?"",""?"",""?"",""?"",""?"",""?"",""?"",""?"",""?"",""?"",""?"",""?"",""?"",""?"",""?"",""?"",""?"",""?"",""?"",""?"",""?"",""?"",""?"",""?"",""?"",""?"",""?"",""?"",""?"",""?"",""?"",""1,1"",""?"",""?"",""?"",""?"",""?"",""?"",""?"",""?"",""?"",""?"",""?"",""?"",""?"",""?"",""?"",""?"",""?"",""?"",""?"",""?"",""?"",""?"",""?"",""?"",""?"",""?"",""?"",""?"",""?"",""?"",""?"",""?"",""?"",""?"",""?"""
"""?"",""?"",""1,0"",""?"",""4,0"",""?"",""1,0"",""?"",""1,0"",""?"",""?"",""4,0"",""?"",""2,0"",""?"",""?"",""?"",""?"",""?"",""?"",""?"",""?"",""?"",""?"",""?"",""?"",""?"",""?"",""?"",""?"",""?"",""?"",""?"",""?"",""?"",""?"",""?"",""?"",""?"",""?"",""?"",""?"",""?"",""?"",""?"",""?"",""?"",""?"",""?"",""?"",""?"",""?"",""?"",""?"",""?"",""?"",""?"",""?"",""?"",""?"",""?"",""?"",""?"",""?"",""?"",""?"",""?"",""?"",""?"",""?"",""?"",""?"",""?"",""?"",""?"",""?"",""?"",""?"",""?"",""?"",""?"",""?"",""?"",""?"",""?"",""?"",""?"",""?"",""?"",""?"",""?"",""?"",""?"",""?"",""?"",""?"""
"""?"",""?"",""?"",""?"",""?"",""?"",""?"",""5,0"",""?"",""?"",""?"",""?"",""?"",""?"",""?"",""?"",""?"",""?"",""?"",""?"",""?"",""?"",""?"",""?"",""?"",""?"",""?"",""?"",""?"",""?"",""?"",""?"",""?"",""?"",""?"",""?"",""?"",""?"",""?"",""?"",""?"",""?"",""?"",""?"",""?"",""?"",""?"",""?"",""?"",""?"",""?"",""?"",""?"",""?"",""?"",""?"",""?"",""?"",""?"",""?"",""?"",""?"",""?"",""?"",""?"",""?"",""?"",""?"",""?"",""?"",""?"",""?"",""?"",""?"",""?"",""?"",""?"",""?"",""?"",""?"",""?"",""?"",""?"",""?"",""?"",""?"",""?"",""?"",""?"",""?"",""?"",""?"",""?"",""?"",""?"",""?"""
"""?"",""?"",""?"",""?"",""?"",""?"",""?"",""?"",""?"",""4,0"",""?"",""?"",""?"",""?"",""?"",""?"",""?"",""?"",""?"",""?"",""?"",""?"",""?"",""?"",""?"",""?"",""?"",""?"",""?"",""?"",""?"",""?"",""?"",""?"",""?"",""?"",""?"",""?"",""?"",""?"",""?"",""?"",""?"",""?"",""?"",""?"",""?"",""?"",""?"",""?"",""?"",""?"",""?"",""?"",""?"",""?"",""?"",""?"",""?"",""?"",""?"",""?"",""?"",""?"",""?"",""?"",""?"",""?"",""?"",""?"",""?"",""?"",""?"",""?"",""?"",""?"",""?"",""?"",""?"",""?"",""?"",""?"",""?"",""?"",""?"",""?"",""?"",""?"",""?"",""?"",""?"",""?"",""?"",""?"",""?"",""?"""
"""?"",""?"",""?"",""?"",""?"",""?"",""?"",""?"",""?"",""?"",""?"",""?"",""?"",""?"",""?"",""?"",""?"",""?"",""?"",""?"",""?"",""?"",""?"",""?"",""?"",""?"",""?"",""?"",""1,0"",""?"",""?"",""?"",""?"",""?"",""?"",""?"",""?"",""?"",""?"",""?"",""?"",""?"",""?"",""?"",""?"",""?"",""?"",""?"",""?"",""?"",""?"",""?"",""?"",""?"",""?"",""?"",""?"",""?"",""?"",""?"",""?"",""?"",""?"",""?"",""?"",""?"",""?"",""?"",""?"",""?"",""?"",""?"",""?"",""?"",""?"",""?"",""?"",""?"",""?"",""?"",""?"",""?"",""?"",""?"",""?"",""?"",""?"",""?"",""?"",""?"",""?"",""?"",""?"",""?"",""?"",""?"""
"""?"",""?"",""?"",""?"",""?"",""?"",""?"",""?"",""?"",""2,1"",""?"",""?"",""?"",""?"",""?"",""?"",""?"",""?"",""?"",""?"",""?"",""?"",""?"",""?"",""?"",""1,0"",""2,1"",""?"",""?"",""?"",""?"",""?"",""?"",""?"",""?"",""?"",""?"",""?"",""?"",""?"",""?"",""?"",""?"",""?"",""?"",""?"",""?"",""?"",""?"",""?"",""?"",""?"",""?"",""?"",""?"",""?"",""?"",""?"",""?"",""?"",""?"",""?"",""?"",""?"",""?"",""?"",""?"",""?"",""?"",""?"",""?"",""?"",""?"",""?"",""?"",""?"",""?"",""?"",""?"",""?"",""?"",""?"",""?"",""?"",""?"",""?"",""?"",""?"",""?"",""?"",""?"",""?"",""?"",""?"",""?"",""?"""
"""?"",""?"",""?"",""?"",""?"",""?"",""?"",""?"",""?"",""?"",""?"",""?"",""?"",""?"",""?"",""?"",""1,1"",""?"",""?"",""?"",""?"",""?"",""?"",""?"",""?"",""?"",""?"",""?"",""?"",""?"",""?"",""?"",""?"",""?"",""?"",""?"",""?"",""?"",""?"",""?"",""?"",""?"",""?"",""?"",""?"",""?"",""?"",""?"",""?"",""?"",""1,0"",""?"",""?"",""?"",""?"",""?"",""?"",""?"",""?"",""?"",""?"",""?"",""?"",""?"",""?"",""?"",""?"",""?"",""?"",""?"",""?"",""?"",""?"",""?"",""?"",""?"",""?"",""?"",""?"",""?"",""?"",""?"",""?"",""?"",""?"",""?"",""?"",""?"",""?"",""?"",""?"",""?"",""?"",""?"",""?"",""?"""
"""?"",""?"",""?"",""?"",""?"",""?"",""?"",""?"",""?"",""?"",""?"",""?"",""?"",""?"",""?"",""?"",""?"",""?"",""?"",""?"",""?"",""?"",""?"",""?"",""?"",""?"",""?"",""?"",""?"",""?"",""?"",""?"",""?"",""?"",""?"",""?"",""?"",""?"",""?"",""?"",""?"",""?"",""1,0"",""?"",""?"",""?"",""?"",""?"",""?"",""?"",""?"",""?"",""?"",""?"",""?"",""?"",""?"",""?"",""?"",""?"",""?"",""?"",""?"",""?"",""?"",""?"",""?"",""?"",""?"",""?"",""?"",""?"",""?"",""?"",""?"",""?"",""?"",""?"",""?"",""?"",""?"",""?"",""?"",""?"",""?"",""?"",""?"",""?"",""?"",""?"",""?"",""?"",""?"",""?"",""?"",""?"""
"""?"",""?"",""?"",""?"",""?"",""?"",""?"",""?"",""?"",""?"",""?"",""?"",""?"",""?"",""1,0"",""?"",""?"",""?"",""?"",""?"",""?"",""?"",""?"",""?"",""?"",""?"",""?"",""?"",""?"",""?"",""?"",""?"",""?"",""?"",""?"",""?"",""?"",""?"",""?"",""?"",""?"",""?"",""?"",""?"",""?"",""?"",""?"",""?"",""?"",""?"",""?"",""?"",""?"",""?"",""1,0"",""?"",""?"",""?"",""?"",""?"",""?"",""?"",""?"",""?"",""?"",""?"",""?"",""?"",""?"",""?"",""?"",""?"",""?"",""?"",""?"",""?"",""?"",""?"",""?"",""?"",""?"",""?"",""?"",""?"",""?"",""?"",""?"",""?"",""?"",""?"",""?"",""?"",""?"",""?"",""?"",""?"""
"""?"",""?"",""?"",""?"",""?"",""?"",""?"",""?"",""?"",""?"",""?"",""?"",""?"",""?"",""?"",""?"",""?"",""?"",""?"",""?"",""5,0"",""?"",""?"",""?"",""?"",""?"",""?"",""?"",""?"",""?"",""?"",""?"",""?"",""?"",""?"",""?"",""?"",""?"",""?"",""?"",""?"",""?"",""?"",""?"",""?"",""?"",""?"",""?"",""?"",""?"",""?"",""?"",""?"",""?"",""?"",""?"",""?"",""?"",""?"",""?"",""?"",""?"",""?"",""?"",""?"",""?"",""?"",""?"",""?"",""?"",""?"",""?"",""?"",""?"",""?"",""?"",""?"",""?"",""?"",""?"",""?"",""?"",""?"",""?"",""?"",""?"",""?"",""?"",""?"",""?"",""?"",""?"",""?"",""?"",""?"",""?"""
"""?"",""?"",""?"",""?"",""?"",""?"",""?"",""?"",""?"",""?"",""?"",""?"",""?"",""?"",""?"",""?"",""?"",""?"",""?"",""?"",""?"",""1,0"",""?"",""?"",""?"",""?"",""?"",""4,0"",""?"",""?"",""?"",""?"",""?"",""?"",""?"",""1,0"",""?"",""?"",""?"",""?"",""?"",""?"",""?"",""?"",""?"",""?"",""?"",""?"",""?"",""?"",""?"",""?"",""?"",""?"",""?"",""?"",""?"",""?"",""?"",""?"",""?"",""?"",""?"",""?"",""?"",""?"",""?"",""?"",""?"",""?"",""?"",""?"",""?"",""?"",""?"",""?"",""1,0,4,0"",""?"",""?"",""?"",""?"",""?"",""?"",""?"",""?"",""?"",""?"",""?"",""?"",""?"",""?"",""?"",""?"",""2,0"",""?"",""?"""
"""?"",""?"",""?"",""?"",""?"",""?"",""?"",""?"",""?"",""?"",""?"",""?"",""?"",""?"",""?"",""?"",""?"",""?"",""?"",""?"",""?"",""?"",""?"",""?"",""?"",""5,0"",""?"",""1,1"",""?"",""?"",""?"",""?"",""?"",""?"",""?"",""?"",""?"",""?"",""?"",""?"",""?"",""?"",""?"",""?"",""?"",""?"",""?"",""?"",""?"",""?"",""?"",""?"",""?"",""?"",""?"",""?"",""?"",""?"",""?"",""?"",""?"",""?"",""?"",""?"",""?"",""?"",""?"",""?"",""?"",""?"",""?"",""?"",""?"",""?"",""?"",""?"",""?"",""?"",""?"",""?"",""?"",""?"",""?"",""?"",""?"",""?"",""?"",""?"",""?"",""?"",""?"",""?"",""?"",""?"",""?"",""?"""
"""?"",""?"",""?"",""?"",""?"",""?"",""?"",""?"",""?"",""?"",""?"",""?"",""?"",""?"",""?"",""?"",""?"",""5,0"",""?"",""?"",""?"",""?"",""1,1,5,0"",""5,0"",""?"",""5,0"",""?"",""?"",""1,1"",""5,0"",""?"",""?"",""?"",""1,1"",""?"",""?"",""?"",""?"",""?"",""?"",""?"",""?"",""?"",""?"",""?"",""?"",""?"",""?"",""?"",""?"",""?"",""?"",""?"",""?"",""?"",""?"",""?"",""?"",""?"",""?"",""?"",""1,1"",""?"",""?"",""?"",""?"",""?"",""?"",""?"",""?"",""?"",""?"",""?"",""?"",""?"",""?"",""?"",""?"",""?"",""?"",""?"",""?"",""?"",""?"",""?"",""?"",""?"",""?"",""?"",""?"",""?"",""?"",""?"",""?"",""?"",""?"""
"""?"",""?"",""?"",""?"",""?"",""?"",""?"",""?"",""?"",""?"",""?"",""?"",""?"",""?"",""?"",""?"",""?"",""?"",""1,0"",""?"",""?"",""?"",""?"",""?"",""?"",""?"",""?"",""?"",""?"",""?"",""?"",""?"",""?"",""?"",""?"",""?"",""?"",""?"",""?"",""?"",""?"",""?"",""?"",""?"",""?"",""?"",""?"",""?"",""?"",""?"",""?"",""?"",""?"",""?"",""?"",""?"",""?"",""?"",""?"",""?"",""?"",""?"",""?"",""?"",""?"",""?"",""?"",""?"",""?"",""?"",""?"",""?"",""?"",""?"",""?"",""?"",""?"",""?"",""?"",""?"",""?"",""?"",""?"",""?"",""?"",""?"",""?"",""?"",""?"",""?"",""?"",""?"",""?"",""?"",""?"",""?"""
"""?"",""?"",""?"",""?"",""?"",""?"",""?"",""?"",""?"",""?"",""?"",""?"",""?"",""?"",""?"",""?"",""?"",""?"",""?"",""?"",""1,0,5,0"",""?"",""?"",""?"",""?"",""?"",""?"",""?"",""?"",""?"",""?"",""?"",""?"",""?"",""?"",""?"",""?"",""?"",""?"",""?"",""?"",""?"",""?"",""?"",""?"",""?"",""?"",""?"",""?"",""?"",""1,0"",""?"",""?"",""?"",""?"",""?"",""?"",""?"",""?"",""?"",""?"",""?"",""?"",""?"",""?"",""?"",""?"",""?"",""?"",""?"",""?"",""?"",""?"",""?"",""?"",""?"",""?"",""?"",""?"",""?"",""?"",""?"",""?"",""?"",""?"",""?"",""?"",""?"",""?"",""?"",""?"",""?"",""?"",""?"",""?"",""?"""
"""?"",""?"",""?"",""?"",""?"",""?"",""?"",""?"",""?"",""?"",""?"",""?"",""?"",""?"",""?"",""?"",""?"",""?"",""?"",""?"",""5,0"",""?"",""?"",""?"",""?"",""?"",""?"",""?"",""?"",""?"",""?"",""?"",""?"",""?"",""?"",""?"",""?"",""?"",""?"",""?"",""?"",""?"",""?"",""?"",""?"",""?"",""?"",""?"",""?"",""?"",""?"",""?"",""?"",""?"",""?"",""?"",""?"",""?"",""?"",""?"",""?"",""?"",""?"",""?"",""?"",""?"",""?"",""?"",""?"",""?"",""?"",""?"",""?"",""?"",""?"",""?"",""?"",""?"",""?"",""?"",""?"",""?"",""?"",""?"",""?"",""?"",""?"",""?"",""?"",""?"",""?"",""?"",""?"",""?"",""?"",""?"""
"""?"",""?"",""?"",""?"",""?"",""?"",""?"",""?"",""?"",""?"",""?"",""?"",""?"",""?"",""?"",""?"",""?"",""?"",""?"",""?"",""?"",""?"",""?"",""?"",""?"",""?"",""?"",""?"",""3,0"",""?"",""?"",""?"",""?"",""?"",""?"",""?"",""?"",""?"",""?"",""?"",""?"",""?"",""?"",""?"",""?"",""?"",""?"",""?"",""?"",""?"",""?"",""?"",""?"",""1,1"",""?"",""?"",""?"",""?"",""?"",""?"",""?"",""?"",""?"",""?"",""?"",""?"",""?"",""?"",""?"",""?"",""?"",""1,0"",""?"",""?"",""?"",""1,0"",""?"",""?"",""?"",""?"",""?"",""?"",""?"",""?"",""?"",""?"",""?"",""?"",""?"",""?"",""?"",""?"",""?"",""?"",""?"",""?"""
"""?"",""?"",""?"",""?"",""?"",""?"",""?"",""?"",""?"",""?"",""?"",""?"",""?"",""1,1"",""?"",""?"",""?"",""?"",""?"",""5,0"",""5,0"",""?"",""?"",""?"",""?"",""?"",""?"",""?"",""?"",""?"",""5,0"",""5,0"",""?"",""?"",""?"",""?"",""?"",""?"",""?"",""?"",""?"",""?"",""?"",""?"",""?"",""?"",""?"",""2,1"",""?"",""?"",""?"",""?"",""?"",""?"",""?"",""?"",""?"",""?"",""?"",""?"",""?"",""?"",""?"",""?"",""?"",""?"",""?"",""?"",""?"",""?"",""?"",""?"",""?"",""?"",""?"",""?"",""?"",""?"",""?"",""?"",""?"",""?"",""?"",""?"",""?"",""?"",""?"",""?"",""?"",""?"",""?"",""?"",""?"",""?"",""?"",""?"""
"""?"",""?"",""?"",""?"",""?"",""?"",""?"",""?"",""?"",""?"",""?"",""?"",""?"",""2,0"",""?"",""?"",""?"",""?"",""?"",""?"",""?"",""?"",""?"",""?"",""?"",""?"",""?"",""?"",""4,0"",""?"",""?"",""?"",""?"",""?"",""?"",""?"",""?"",""?"",""?"",""?"",""?"",""?"",""?"",""?"",""?"",""?"",""?"",""1,0"",""?"",""?"",""?"",""?"",""?"",""?"",""?"",""?"",""?"",""?"",""?"",""?"",""?"",""?"",""?"",""?"",""?"",""?"",""?"",""?"",""?"",""?"",""?"",""?"",""?"",""?"",""?"",""?"",""?"",""?"",""?"",""?"",""?"",""?"",""?"",""?"",""?"",""?"",""?"",""?"",""?"",""?"",""?"",""?"",""?"",""2,0"",""?"",""?"""
"""?"",""?"",""?"",""?"",""?"",""?"",""?"",""?"",""?"",""?"",""?"",""?"",""?"",""?"",""?"",""?"",""?"",""?"",""4,0"",""1,0"",""?"",""?"",""?"",""?"",""?"",""?"",""?"",""?"",""?"",""?"",""?"",""?"",""?"",""?"",""?"",""?"",""?"",""?"",""?"",""?"",""?"",""?"",""?"",""?"",""?"",""?"",""?"",""?"",""?"",""?"",""?"",""?"",""?"",""?"",""?"",""?"",""?"",""?"",""?"",""?"",""?"",""?"",""?"",""?"",""?"",""?"",""1,1"",""?"",""?"",""?"",""?"",""?"",""?"",""?"",""?"",""?"",""?"",""?"",""?"",""?"",""?"",""?"",""?"",""?"",""?"",""?"",""?"",""?"",""?"",""?"",""?"",""?"",""?"",""?"",""?"",""?"""
"""?"",""?"",""?"",""?"",""?"",""?"",""?"",""?"",""1,0"",""?"",""?"",""?"",""1,1"",""?"",""?"",""?"",""?"",""?"",""?"",""?"",""1,0"",""?"",""?"",""?"",""3,0"",""?"",""4,0"",""?"",""?"",""?"",""?"",""?"",""?"",""?"",""?"",""?"",""1,0"",""?"",""?"",""?"",""?"",""?"",""?"",""?"",""?"",""?"",""?"",""?"",""?"",""?"",""?"",""?"",""?"",""?"",""?"",""?"",""?"",""?"",""?"",""?"",""?"",""?"",""?"",""?"",""?"",""?"",""?"",""?"",""?"",""?"",""?"",""?"",""?"",""?"",""?"",""?"",""?"",""?"",""?"",""?"",""?"",""?"",""?"",""?"",""?"",""?"",""1,0"",""?"",""?"",""?"",""?"",""?"",""?"",""?"",""?"",""?"""
"""1,1"",""?"",""?"",""?"",""?"",""?"",""1,1"",""?"",""?"",""?"",""?"",""?"",""?"",""?"",""?"",""?"",""?"",""?"",""?"",""?"",""5,0"",""?"",""?"",""?"",""?"",""?"",""?"",""?"",""?"",""?"",""?"",""?"",""?"",""?"",""?"",""?"",""?"",""1,1"",""?"",""?"",""?"",""?"",""?"",""?"",""?"",""?"",""?"",""?"",""?"",""?"",""?"",""?"",""?"",""?"",""?"",""?"",""?"",""?"",""?"",""?"",""?"",""?"",""?"",""?"",""?"",""?"",""?"",""?"",""?"",""?"",""?"",""?"",""?"",""?"",""?"",""?"",""?"",""?"",""?"",""?"",""?"",""?"",""?"",""?"",""?"",""?"",""?"",""?"",""?"",""?"",""?"",""?"",""?"",""?"",""?"",""?"""
"""?"",""?"",""?"",""?"",""?"",""?"",""?"",""?"",""?"",""?"",""?"",""?"",""?"",""?"",""?"",""?"",""?"",""?"",""?"",""?"",""?"",""?"",""?"",""?"",""?"",""5,0"",""?"",""?"",""?"",""?"",""?"",""?"",""?"",""?"",""?"",""?"",""?"",""?"",""?"",""?"",""?"",""?"",""?"",""?"",""?"",""?"",""?"",""?"",""?"",""?"",""?"",""?"",""?"",""?"",""?"",""?"",""?"",""?"",""?"",""?"",""?"",""?"",""?"",""?"",""?"",""?"",""?"",""?"",""?"",""?"",""?"",""?"",""?"",""?"",""?"",""?"",""?"",""?"",""?"",""?"",""?"",""?"",""?"",""?"",""?"",""?"",""?"",""?"",""?"",""?"",""?"",""?"",""?"",""?"",""?"",""?"""
"""?"",""?"",""?"",""?"",""?"",""?"",""?"",""?"",""?"",""?"",""?"",""?"",""?"",""?"",""?"",""?"",""?"",""?"",""?"",""?"",""?"",""?"",""?"",""?"",""?"",""5,0"",""?"",""?"",""?"",""?"",""?"",""?"",""?"",""?"",""?"",""?"",""?"",""?"",""?"",""?"",""?"",""?"",""?"",""?"",""?"",""?"",""?"",""?"",""?"",""?"",""?"",""?"",""?"",""?"",""?"",""?"",""?"",""?"",""?"",""?"",""?"",""?"",""?"",""?"",""?"",""?"",""?"",""?"",""?"",""?"",""?"",""?"",""?"",""?"",""?"",""?"",""?"",""?"",""?"",""?"",""?"",""?"",""?"",""?"",""?"",""?"",""?"",""?"",""?"",""?"",""?"",""?"",""?"",""?"",""?"",""?"""
"""?"",""?"",""?"",""?"",""?"",""?"",""?"",""?"",""?"",""?"",""?"",""?"",""?"",""?"",""?"",""?"",""?"",""?"",""?"",""?"",""?"",""?"",""?"",""?"",""?"",""?"",""?"",""?"",""?"",""?"",""?"",""?"",""?"",""5,0"",""?"",""?"",""?"",""?"",""?"",""?"",""?"",""?"",""?"",""?"",""?"",""?"",""?"",""?"",""?"",""?"",""?"",""?"",""?"",""?"",""?"",""?"",""?"",""?"",""?"",""?"",""?"",""?"",""?"",""?"",""?"",""?"",""1,1"",""?"",""?"",""?"",""?"",""?"",""?"",""?"",""?"",""?"",""?"",""?"",""?"",""?"",""?"",""?"",""?"",""?"",""?"",""?"",""?"",""?"",""?"",""?"",""?"",""?"",""?"",""?"",""?"",""?"""
"""?"",""?"",""?"",""?"",""?"",""?"",""?"",""?"",""?"",""?"",""?"",""?"",""?"",""?"",""?"",""?"",""?"",""?"",""?"",""?"",""1,0"",""?"",""?"",""?"",""?"",""?"",""?"",""?"",""?"",""?"",""?"",""?"",""5,0"",""?"",""5,0"",""5,0"",""?"",""?"",""?"",""?"",""?"",""?"",""?"",""?"",""?"",""?"",""?"",""?"",""?"",""?"",""?"",""?"",""?"",""?"",""?"",""?"",""?"",""?"",""?"",""?"",""?"",""?"",""?"",""?"",""?"",""?"",""?"",""?"",""?"",""?"",""?"",""?"",""?"",""?"",""?"",""?"",""?"",""?"",""?"",""?"",""?"",""?"",""?"",""?"",""?"",""?"",""?"",""?"",""?"",""?"",""?"",""?"",""?"",""?"",""?"",""?"""
"""?"",""?"",""?"",""?"",""?"",""?"",""?"",""?"",""?"",""?"",""?"",""?"",""?"",""?"",""?"",""?"",""?"",""?"",""?"",""?"",""?"",""?"",""?"",""?"",""?"",""?"",""?"",""?"",""?"",""?"",""?"",""?"",""?"",""5,0"",""?"",""?"",""?"",""?"",""?"",""?"",""?"",""?"",""?"",""?"",""?"",""?"",""?"",""?"",""?"",""?"",""?"",""?"",""?"",""?"",""?"",""?"",""?"",""?"",""?"",""?"",""?"",""?"",""?"",""?"",""?"",""?"",""?"",""?"",""?"",""?"",""?"",""?"",""?"",""?"",""?"",""?"",""1,1"",""?"",""?"",""?"",""?"",""?"",""?"",""?"",""?"",""?"",""?"",""?"",""?"",""?"",""?"",""?"",""?"",""?"",""?"",""?"""
"""?"",""?"",""?"",""?"",""?"",""?"",""?"",""?"",""?"",""?"",""?"",""?"",""?"",""?"",""?"",""?"",""?"",""?"",""1,1"",""?"",""?"",""?"",""?"",""?"",""?"",""?"",""?"",""?"",""?"",""?"",""?"",""?"",""?"",""5,0"",""?"",""?"",""?"",""?"",""?"",""?"",""?"",""?"",""?"",""?"",""?"",""?"",""?"",""?"",""?"",""?"",""?"",""?"",""?"",""?"",""?"",""?"",""?"",""?"",""?"",""?"",""?"",""?"",""?"",""?"",""?"",""?"",""?"",""?"",""?"",""?"",""?"",""?"",""?"",""?"",""?"",""?"",""?"",""?"",""?"",""?"",""?"",""?"",""?"",""?"",""?"",""?"",""?"",""?"",""?"",""?"",""?"",""?"",""?"",""?"",""?"",""?"""
"""?"",""?"",""?"",""?"",""?"",""?"",""?"",""?"",""?"",""?"",""?"",""?"",""?"",""?"",""?"",""?"",""?"",""?"",""?"",""?"",""?"",""?"",""?"",""?"",""?"",""?"",""?"",""?"",""1,1"",""?"",""?"",""?"",""?"",""?"",""?"",""?"",""?"",""?"",""?"",""?"",""2,1"",""5,0"",""?"",""?"",""?"",""?"",""?"",""?"",""?"",""?"",""?"",""?"",""?"",""?"",""?"",""?"",""?"",""?"",""?"",""?"",""?"",""?"",""?"",""?"",""?"",""?"",""?"",""?"",""?"",""?"",""?"",""?"",""?"",""?"",""?"",""?"",""?"",""?"",""?"",""?"",""?"",""?"",""?"",""?"",""?"",""?"",""?"",""?"",""?"",""?"",""?"",""?"",""?"",""?"",""?"",""?"""
"""?"",""?"",""?"",""?"",""?"",""?"",""?"",""?"",""?"",""?"",""?"",""?"",""?"",""?"",""?"",""?"",""?"",""?"",""?"",""?"",""?"",""?"",""?"",""?"",""?"",""?"",""?"",""?"",""?"",""1,0"",""?"",""?"",""?"",""?"",""?"",""?"",""?"",""?"",""?"",""5,0"",""?"",""?"",""3,0"",""?"",""?"",""?"",""?"",""?"",""?"",""?"",""?"",""?"",""?"",""?"",""?"",""?"",""?"",""?"",""?"",""?"",""?"",""?"",""?"",""?"",""?"",""?"",""?"",""?"",""?"",""?"",""?"",""?"",""?"",""?"",""?"",""?"",""?"",""?"",""?"",""?"",""?"",""?"",""?"",""?"",""?"",""?"",""?"",""?"",""?"",""?"",""?"",""?"",""?"",""?"",""?"",""?"""
"""?"",""?"",""?"",""?"",""?"",""?"",""?"",""?"",""?"",""?"",""?"",""?"",""?"",""?"",""?"",""?"",""?"",""?"",""?"",""?"",""?"",""?"",""?"",""?"",""?"",""?"",""?"",""?"",""?"",""?"",""?"",""?"",""?"",""?"",""?"",""?"",""?"",""?"",""?"",""?"",""?"",""?"",""5,0"",""?"",""?"",""?"",""?"",""?"",""?"",""1,0"",""?"",""?"",""?"",""?"",""?"",""?"",""?"",""1,1"",""?"",""?"",""?"",""?"",""?"",""?"",""?"",""?"",""?"",""?"",""?"",""?"",""?"",""?"",""?"",""?"",""?"",""?"",""?"",""?"",""?"",""?"",""?"",""?"",""?"",""?"",""?"",""?"",""?"",""?"",""?"",""?"",""?"",""?"",""?"",""?"",""?"",""?"""
"""?"",""?"",""?"",""?"",""?"",""?"",""?"",""?"",""?"",""?"",""?"",""?"",""?"",""?"",""?"",""?"",""?"",""?"",""?"",""?"",""?"",""?"",""?"",""?"",""?"",""?"",""?"",""?"",""?"",""?"",""?"",""?"",""?"",""?"",""?"",""?"",""?"",""5,0"",""?"",""?"",""?"",""?"",""?"",""?"",""?"",""?"",""?"",""?"",""?"",""?"",""?"",""?"",""?"",""?"",""?"",""?"",""?"",""?"",""?"",""?"",""?"",""?"",""?"",""?"",""?"",""?"",""?"",""?"",""?"",""?"",""?"",""?"",""?"",""?"",""?"",""?"",""?"",""?"",""?"",""?"",""?"",""?"",""?"",""?"",""?"",""?"",""?"",""?"",""?"",""?"",""?"",""?"",""?"",""?"",""?"",""?"""
"""?"",""?"",""?"",""?"",""?"",""?"",""?"",""?"",""?"",""?"",""?"",""?"",""?"",""?"",""?"",""?"",""?"",""?"",""?"",""?"",""?"",""?"",""?"",""?"",""?"",""?"",""?"",""?"",""?"",""?"",""?"",""?"",""?"",""?"",""?"",""?"",""2,0"",""?"",""?"",""?"",""?"",""?"",""?"",""?"",""?"",""?"",""?"",""?"",""?"",""?"",""?"",""?"",""?"",""?"",""?"",""?"",""?"",""?"",""?"",""?"",""?"",""?"",""?"",""?"",""?"",""?"",""?"",""?"",""?"",""?"",""?"",""?"",""?"",""?"",""?"",""?"",""?"",""?"",""?"",""?"",""?"",""?"",""?"",""?"",""?"",""?"",""?"",""?"",""?"",""?"",""?"",""?"",""?"",""?"",""?"",""?"""
"""?"",""?"",""?"",""?"",""?"",""?"",""1,0"",""?"",""?"",""?"",""?"",""?"",""?"",""?"",""?"",""?"",""?"",""?"",""?"",""?"",""?"",""?"",""?"",""?"",""?"",""?"",""?"",""?"",""?"",""?"",""?"",""?"",""?"",""?"",""?"",""?"",""5,0"",""?"",""?"",""?"",""?"",""?"",""?"",""?"",""?"",""?"",""?"",""?"",""?"",""?"",""?"",""?"",""?"",""?"",""?"",""?"",""?"",""?"",""?"",""?"",""?"",""?"",""?"",""?"",""?"",""?"",""?"",""?"",""?"",""?"",""?"",""?"",""?"",""?"",""?"",""?"",""?"",""?"",""?"",""?"",""?"",""?"",""?"",""?"",""?"",""?"",""?"",""?"",""?"",""?"",""?"",""?"",""?"",""?"",""?"",""?"""
"""?"",""?"",""?"",""?"",""?"",""?"",""?"",""?"",""?"",""?"",""?"",""?"",""?"",""?"",""?"",""1,1"",""?"",""?"",""?"",""?"",""?"",""?"",""?"",""?"",""?"",""?"",""?"",""?"",""?"",""?"",""?"",""?"",""?"",""?"",""?"",""?"",""?"",""3,0"",""5,0"",""?"",""?"",""?"",""?"",""?"",""?"",""?"",""?"",""?"",""?"",""?"",""?"",""?"",""?"",""?"",""?"",""?"",""?"",""1,1"",""?"",""?"",""?"",""?"",""?"",""?"",""?"",""?"",""?"",""?"",""?"",""?"",""?"",""?"",""?"",""?"",""?"",""?"",""?"",""?"",""?"",""?"",""?"",""?"",""?"",""?"",""?"",""?"",""?"",""?"",""?"",""?"",""?"",""?"",""?"",""?"",""?"",""?"""
"""?"",""?"",""?"",""?"",""?"",""?"",""?"",""?"",""?"",""?"",""?"",""?"",""?"",""?"",""?"",""?"",""?"",""?"",""?"",""?"",""?"",""?"",""?"",""?"",""?"",""?"",""?"",""?"",""?"",""?"",""?"",""?"",""?"",""?"",""?"",""?"",""?"",""?"",""?"",""?"",""?"",""?"",""?"",""?"",""?"",""?"",""?"",""2,0"",""?"",""?"",""?"",""?"",""?"",""?"",""?"",""?"",""?"",""?"",""?"",""1,0"",""?"",""?"",""?"",""?"",""?"",""?"",""?"",""?"",""?"",""?"",""?"",""?"",""?"",""?"",""?"",""?"",""?"",""?"",""?"",""?"",""?"",""?"",""?"",""?"",""?"",""?"",""?"",""?"",""?"",""?"",""?"",""?"",""?"",""?"",""?"",""?"""
"""?"",""?"",""?"",""?"",""?"",""?"",""?"",""?"",""?"",""?"",""?"",""?"",""?"",""?"",""?"",""?"",""?"",""?"",""?"",""?"",""?"",""?"",""?"",""?"",""?"",""?"",""?"",""?"",""?"",""?"",""?"",""?"",""?"",""?"",""?"",""?"",""?"",""?"",""?"",""?"",""?"",""?"",""?"",""?"",""?"",""5,0"",""?"",""?"",""?"",""?"",""?"",""?"",""?"",""?"",""?"",""?"",""?"",""?"",""?"",""?"",""?"",""?"",""?"",""?"",""?"",""?"",""?"",""?"",""1,1"",""?"",""?"",""?"",""?"",""?"",""?"",""?"",""?"",""?"",""?"",""?"",""?"",""?"",""?"",""?"",""?"",""?"",""?"",""?"",""?"",""?"",""?"",""?"",""?"",""?"",""?"",""?"""
"""?"",""?"",""?"",""?"",""?"",""?"",""?"",""?"",""?"",""?"",""?"",""?"",""?"",""?"",""?"",""?"",""?"",""?"",""?"",""?"",""?"",""?"",""?"",""?"",""?"",""?"",""?"",""?"",""?"",""?"",""?"",""?"",""?"",""?"",""?"",""?"",""?"",""?"",""?"",""?"",""?"",""?"",""?"",""?"",""5,0"",""?"",""5,0"",""?"",""?"",""3,0"",""5,0"",""?"",""5,0"",""?"",""5,0"",""5,0"",""?"",""?"",""?"",""?"",""?"",""?"",""?"",""?"",""?"",""?"",""?"",""?"",""?"",""?"",""?"",""?"",""?"",""?"",""?"",""?"",""?"",""?"",""?"",""?"",""?"",""?"",""?"",""?"",""?"",""?"",""?"",""?"",""?"",""?"",""?"",""?"",""?"",""?"",""?"",""?"""
"""?"",""?"",""?"",""?"",""?"",""?"",""?"",""?"",""?"",""?"",""?"",""?"",""?"",""?"",""?"",""?"",""?"",""?"",""?"",""?"",""?"",""?"",""?"",""?"",""?"",""?"",""?"",""?"",""?"",""?"",""?"",""?"",""?"",""?"",""?"",""?"",""?"",""?"",""?"",""?"",""?"",""?"",""?"",""?"",""?"",""5,0"",""?"",""?"",""?"",""?"",""?"",""?"",""?"",""?"",""?"",""?"",""?"",""?"",""?"",""?"",""?"",""?"",""?"",""?"",""?"",""?"",""?"",""?"",""?"",""?"",""?"",""1,1"",""?"",""?"",""?"",""?"",""?"",""?"",""?"",""?"",""?"",""?"",""?"",""?"",""?"",""?"",""?"",""?"",""?"",""?"",""?"",""?"",""?"",""?"",""?"",""?"""
"""?"",""?"",""?"",""?"",""?"",""?"",""?"",""?"",""?"",""?"",""?"",""?"",""?"",""?"",""?"",""?"",""?"",""?"",""?"",""?"",""?"",""?"",""?"",""?"",""?"",""2,0"",""1,1"",""?"",""?"",""?"",""?"",""?"",""?"",""?"",""?"",""?"",""?"",""?"",""?"",""?"",""?"",""?"",""?"",""2,1"",""?"",""?"",""?"",""?"",""?"",""1,0"",""?"",""?"",""?"",""?"",""?"",""?"",""?"",""?"",""?"",""?"",""1,0"",""?"",""?"",""?"",""?"",""?"",""?"",""?"",""?"",""?"",""?"",""?"",""?"",""?"",""?"",""?"",""?"",""?"",""?"",""?"",""?"",""?"",""?"",""?"",""?"",""?"",""?"",""?"",""?"",""?"",""?"",""?"",""?"",""?"",""?"",""?"""
"""?"",""?"",""?"",""?"",""?"",""?"",""?"",""?"",""?"",""?"",""?"",""?"",""?"",""?"",""?"",""?"",""?"",""?"",""?"",""?"",""?"",""?"",""?"",""?"",""?"",""?"",""?"",""?"",""?"",""?"",""?"",""?"",""?"",""?"",""?"",""?"",""?"",""?"",""?"",""?"",""?"",""?"",""?"",""?"",""?"",""?"",""?"",""?"",""?"",""?"",""3,0"",""?"",""?"",""5,0"",""?"",""?"",""?"",""?"",""?"",""?"",""?"",""?"",""?"",""?"",""?"",""?"",""?"",""?"",""?"",""?"",""?"",""?"",""?"",""?"",""?"",""?"",""?"",""?"",""?"",""?"",""?"",""?"",""?"",""?"",""?"",""?"",""?"",""?"",""?"",""?"",""?"",""?"",""?"",""?"",""?"",""?"""
"""?"",""?"",""?"",""?"",""?"",""?"",""?"",""?"",""?"",""?"",""?"",""?"",""?"",""?"",""?"",""?"",""?"",""?"",""?"",""?"",""?"",""?"",""?"",""?"",""?"",""?"",""?"",""?"",""?"",""?"",""?"",""?"",""?"",""?"",""?"",""?"",""?"",""?"",""1,1"",""?"",""?"",""?"",""?"",""?"",""?"",""3,0"",""?"",""1,1"",""?"",""?"",""?"",""?"",""?"",""?"",""?"",""?"",""?"",""?"",""?"",""?"",""?"",""?"",""?"",""?"",""?"",""?"",""?"",""?"",""?"",""?"",""?"",""?"",""?"",""?"",""?"",""?"",""?"",""?"",""?"",""?"",""?"",""?"",""?"",""?"",""?"",""?"",""?"",""?"",""?"",""?"",""?"",""?"",""?"",""?"",""?"",""?"""
"""?"",""?"",""?"",""?"",""?"",""?"",""?"",""?"",""?"",""?"",""?"",""?"",""?"",""?"",""1,1"",""?"",""?"",""?"",""?"",""?"",""?"",""?"",""1,1"",""?"",""?"",""?"",""?"",""?"",""?"",""?"",""?"",""?"",""?"",""?"",""?"",""?"",""?"",""?"",""?"",""?"",""?"",""?"",""?"",""?"",""?"",""5,0"",""?"",""?"",""3,0"",""?"",""?"",""?"",""?"",""?"",""?"",""?"",""?"",""?"",""?"",""?"",""?"",""1,1"",""?"",""?"",""?"",""?"",""?"",""?"",""?"",""?"",""?"",""?"",""?"",""?"",""?"",""?"",""?"",""?"",""?"",""?"",""?"",""?"",""?"",""?"",""?"",""?"",""?"",""?"",""?"",""?"",""?"",""?"",""?"",""?"",""?"",""?"""
"""?"",""?"",""?"",""?"",""?"",""?"",""?"",""?"",""?"",""?"",""?"",""?"",""?"",""?"",""?"",""?"",""?"",""?"",""?"",""?"",""?"",""?"",""?"",""?"",""?"",""?"",""?"",""?"",""?"",""?"",""?"",""?"",""?"",""?"",""?"",""?"",""?"",""?"",""?"",""?"",""?"",""?"",""?"",""?"",""?"",""?"",""?"",""?"",""?"",""?"",""?"",""?"",""?"",""?"",""1,0"",""?"",""?"",""?"",""?"",""?"",""?"",""?"",""?"",""?"",""?"",""?"",""?"",""?"",""?"",""?"",""?"",""?"",""?"",""?"",""?"",""?"",""?"",""?"",""?"",""?"",""?"",""?"",""?"",""?"",""?"",""?"",""?"",""?"",""?"",""?"",""?"",""?"",""?"",""?"",""?"",""?"""
"""?"",""?"",""?"",""?"",""?"",""?"",""?"",""?"",""?"",""?"",""?"",""?"",""?"",""?"",""?"",""?"",""?"",""?"",""?"",""?"",""?"",""?"",""?"",""?"",""?"",""?"",""?"",""?"",""?"",""?"",""?"",""?"",""?"",""?"",""?"",""?"",""?"",""?"",""?"",""?"",""?"",""?"",""?"",""?"",""?"",""5,0"",""?"",""?"",""?"",""?"",""?"",""?"",""?"",""?"",""?"",""?"",""?"",""?"",""?"",""?"",""?"",""?"",""?"",""?"",""?"",""?"",""?"",""?"",""?"",""?"",""?"",""?"",""?"",""?"",""?"",""?"",""?"",""?"",""?"",""?"",""?"",""?"",""?"",""?"",""?"",""?"",""?"",""?"",""?"",""?"",""?"",""?"",""?"",""?"",""?"",""?"""
"""?"",""?"",""?"",""?"",""?"",""?"",""?"",""?"",""?"",""?"",""?"",""?"",""?"",""?"",""?"",""?"",""?"",""?"",""?"",""?"",""?"",""?"",""?"",""?"",""1,0"",""?"",""?"",""?"",""?"",""?"",""?"",""?"",""?"",""?"",""?"",""?"",""?"",""?"",""?"",""?"",""?"",""?"",""?"",""?"",""?"",""?"",""?"",""?"",""5,0"",""?"",""?"",""?"",""?"",""?"",""?"",""?"",""?"",""?"",""?"",""?"",""?"",""?"",""?"",""?"",""?"",""?"",""?"",""?"",""?"",""?"",""?"",""?"",""?"",""?"",""?"",""?"",""?"",""?"",""?"",""?"",""?"",""?"",""?"",""?"",""?"",""?"",""?"",""?"",""?"",""?"",""?"",""?"",""?"",""?"",""?"",""?"""
"""?"",""?"",""?"",""?"",""?"",""?"",""?"",""?"",""?"",""?"",""?"",""?"",""?"",""?"",""?"",""?"",""1,1"",""?"",""?"",""?"",""?"",""?"",""?"",""?"",""?"",""?"",""?"",""?"",""?"",""?"",""?"",""?"",""?"",""?"",""?"",""?"",""?"",""?"",""?"",""?"",""?"",""?"",""?"",""?"",""?"",""5,0"",""?"",""?"",""?"",""?"",""?"",""1,1"",""?"",""?"",""?"",""?"",""?"",""?"",""?"",""?"",""?"",""?"",""?"",""?"",""?"",""?"",""?"",""?"",""?"",""?"",""?"",""1,1"",""?"",""?"",""?"",""?"",""?"",""?"",""?"",""?"",""?"",""?"",""?"",""?"",""?"",""?"",""?"",""?"",""?"",""?"",""?"",""?"",""?"",""?"",""?"",""?"""
"""?"",""?"",""?"",""?"",""?"",""?"",""?"",""?"",""?"",""?"",""?"",""?"",""?"",""?"",""?"",""?"",""?"",""?"",""?"",""?"",""?"",""?"",""?"",""?"",""?"",""?"",""?"",""?"",""?"",""?"",""?"",""?"",""?"",""?"",""?"",""?"",""?"",""?"",""?"",""?"",""?"",""?"",""?"",""?"",""?"",""5,0"",""?"",""?"",""?"",""?"",""?"",""?"",""?"",""?"",""?"",""?"",""1,1"",""?"",""?"",""?"",""?"",""?"",""?"",""?"",""?"",""?"",""?"",""?"",""?"",""?"",""?"",""?"",""?"",""?"",""?"",""?"",""?"",""?"",""?"",""?"",""?"",""?"",""?"",""?"",""?"",""?"",""?"",""?"",""?"",""?"",""?"",""?"",""?"",""?"",""?"",""?"""
"""?"",""?"",""?"",""?"",""?"",""?"",""?"",""?"",""?"",""?"",""?"",""?"",""?"",""?"",""?"",""?"",""?"",""?"",""?"",""?"",""?"",""?"",""?"",""?"",""?"",""?"",""?"",""?"",""?"",""?"",""?"",""?"",""?"",""?"",""?"",""?"",""?"",""?"",""?"",""?"",""?"",""?"",""?"",""?"",""?"",""?"",""?"",""?"",""?"",""?"",""?"",""?"",""?"",""?"",""?"",""1,0"",""?"",""?"",""?"",""?"",""?"",""?"",""?"",""?"",""?"",""?"",""?"",""?"",""?"",""?"",""?"",""?"",""?"",""?"",""?"",""?"",""?"",""?"",""?"",""?"",""?"",""?"",""?"",""?"",""?"",""?"",""?"",""?"",""?"",""?"",""?"",""?"",""?"",""?"",""?"",""?"""
"""?"",""?"",""?"",""?"",""?"",""?"",""?"",""?"",""?"",""?"",""?"",""?"",""?"",""?"",""?"",""?"",""?"",""?"",""?"",""?"",""?"",""?"",""?"",""?"",""?"",""?"",""?"",""?"",""?"",""?"",""?"",""?"",""?"",""?"",""?"",""?"",""?"",""?"",""1,0"",""?"",""?"",""?"",""1,0"",""?"",""?"",""?"",""?"",""?"",""?"",""?"",""?"",""?"",""?"",""?"",""?"",""?"",""?"",""?"",""?"",""?"",""?"",""?"",""4,0,5,0"",""?"",""?"",""?"",""?"",""?"",""?"",""?"",""?"",""?"",""?"",""?"",""?"",""?"",""?"",""?"",""?"",""?"",""?"",""?"",""?"",""?"",""?"",""?"",""?"",""?"",""?"",""?"",""?"",""?"",""?"",""?"",""?"",""?"""
"""?"",""?"",""?"",""?"",""?"",""?"",""?"",""?"",""?"",""?"",""?"",""?"",""?"",""?"",""?"",""?"",""?"",""?"",""?"",""?"",""?"",""?"",""?"",""?"",""?"",""?"",""?"",""?"",""?"",""?"",""?"",""?"",""?"",""?"",""?"",""?"",""?"",""?"",""?"",""?"",""?"",""?"",""?"",""?"",""?"",""?"",""?"",""?"",""?"",""?"",""?"",""?"",""?"",""?"",""?"",""?"",""?"",""?"",""?"",""?"",""5,0"",""?"",""?"",""?"",""?"",""?"",""?"",""?"",""?"",""?"",""?"",""?"",""?"",""?"",""?"",""?"",""?"",""?"",""?"",""?"",""?"",""?"",""?"",""?"",""?"",""?"",""?"",""?"",""?"",""?"",""?"",""?"",""?"",""?"",""?"",""?"""
"""?"",""?"",""?"",""?"",""?"",""?"",""?"",""?"",""?"",""?"",""?"",""?"",""?"",""?"",""?"",""?"",""?"",""?"",""?"",""?"",""?"",""?"",""?"",""?"",""?"",""?"",""?"",""?"",""?"",""?"",""?"",""?"",""?"",""?"",""?"",""?"",""?"",""?"",""?"",""?"",""?"",""?"",""?"",""1,1"",""?"",""?"",""?"",""?"",""?"",""?"",""?"",""?"",""?"",""?"",""?"",""?"",""?"",""?"",""?"",""?"",""5,0"",""?"",""?"",""?"",""?"",""?"",""?"",""?"",""?"",""?"",""?"",""?"",""?"",""?"",""?"",""?"",""?"",""?"",""?"",""?"",""?"",""?"",""?"",""?"",""?"",""?"",""?"",""?"",""?"",""?"",""?"",""?"",""?"",""?"",""?"",""?"""
"""?"",""?"",""?"",""?"",""?"",""?"",""?"",""?"",""1,0"",""?"",""?"",""?"",""?"",""?"",""?"",""?"",""?"",""?"",""?"",""?"",""?"",""?"",""?"",""?"",""?"",""?"",""?"",""?"",""?"",""?"",""?"",""?"",""?"",""?"",""?"",""?"",""?"",""?"",""?"",""?"",""?"",""?"",""?"",""?"",""?"",""?"",""?"",""1,1"",""?"",""?"",""?"",""?"",""?"",""?"",""?"",""?"",""?"",""?"",""5,0"",""5,0"",""?"",""?"",""?"",""5,0"",""5,0"",""?"",""?"",""?"",""?"",""?"",""?"",""?"",""?"",""?"",""?"",""?"",""1,1"",""?"",""?"",""?"",""?"",""?"",""?"",""?"",""?"",""?"",""?"",""?"",""?"",""?"",""?"",""?"",""?"",""?"",""?"",""?"""
"""?"",""?"",""?"",""?"",""?"",""?"",""?"",""?"",""?"",""?"",""?"",""?"",""?"",""?"",""?"",""?"",""?"",""?"",""?"",""?"",""1,0"",""?"",""?"",""?"",""?"",""?"",""?"",""?"",""?"",""?"",""?"",""?"",""?"",""?"",""?"",""?"",""?"",""?"",""?"",""?"",""?"",""?"",""?"",""?"",""?"",""?"",""?"",""?"",""?"",""?"",""1,0"",""?"",""?"",""?"",""?"",""?"",""?"",""?"",""?"",""?"",""?"",""?"",""5,0"",""?"",""?"",""?"",""?"",""?"",""?"",""?"",""?"",""?"",""?"",""?"",""?"",""?"",""?"",""?"",""?"",""?"",""?"",""?"",""?"",""?"",""?"",""?"",""?"",""?"",""?"",""?"",""?"",""?"",""?"",""?"",""?"",""?"""
"""?"",""?"",""?"",""?"",""?"",""?"",""?"",""?"",""?"",""?"",""?"",""?"",""?"",""?"",""?"",""?"",""?"",""?"",""?"",""?"",""?"",""?"",""?"",""?"",""?"",""?"",""?"",""?"",""?"",""?"",""?"",""?"",""?"",""?"",""?"",""?"",""?"",""?"",""?"",""?"",""?"",""?"",""?"",""?"",""?"",""?"",""?"",""?"",""?"",""?"",""?"",""?"",""?"",""?"",""?"",""?"",""?"",""4,0,5,0"",""?"",""?"",""?"",""5,0"",""?"",""?"",""?"",""?"",""?"",""?"",""?"",""?"",""?"",""?"",""?"",""?"",""?"",""?"",""?"",""?"",""?"",""?"",""?"",""?"",""?"",""?"",""?"",""?"",""?"",""?"",""?"",""?"",""?"",""?"",""?"",""?"",""?"",""?"""
"""?"",""?"",""?"",""?"",""?"",""?"",""?"",""?"",""?"",""?"",""?"",""?"",""?"",""?"",""?"",""?"",""?"",""?"",""?"",""?"",""?"",""?"",""?"",""?"",""?"",""?"",""?"",""?"",""?"",""?"",""?"",""?"",""?"",""?"",""?"",""?"",""?"",""?"",""?"",""?"",""?"",""?"",""?"",""?"",""?"",""?"",""?"",""?"",""?"",""?"",""?"",""?"",""?"",""?"",""?"",""?"",""?"",""?"",""?"",""?"",""5,0"",""?"",""?"",""?"",""?"",""?"",""?"",""?"",""?"",""?"",""?"",""?"",""?"",""?"",""?"",""?"",""?"",""?"",""?"",""?"",""?"",""?"",""?"",""?"",""?"",""?"",""?"",""?"",""?"",""?"",""?"",""?"",""?"",""?"",""?"",""?"""
"""?"",""?"",""?"",""?"",""?"",""?"",""?"",""?"",""?"",""?"",""?"",""?"",""?"",""?"",""?"",""?"",""?"",""?"",""?"",""?"",""?"",""?"",""?"",""?"",""?"",""?"",""?"",""?"",""?"",""?"",""?"",""?"",""?"",""?"",""?"",""?"",""?"",""?"",""?"",""?"",""?"",""?"",""?"",""?"",""?"",""?"",""?"",""?"",""?"",""?"",""?"",""?"",""?"",""?"",""?"",""?"",""?"",""?"",""?"",""?"",""5,0"",""?"",""?"",""?"",""?"",""?"",""?"",""?"",""?"",""?"",""?"",""?"",""?"",""?"",""?"",""?"",""?"",""?"",""?"",""?"",""?"",""?"",""?"",""?"",""?"",""?"",""?"",""?"",""?"",""?"",""?"",""?"",""?"",""?"",""?"",""?"""
"""?"",""?"",""?"",""?"",""?"",""?"",""?"",""?"",""?"",""?"",""?"",""?"",""?"",""?"",""?"",""?"",""?"",""?"",""?"",""?"",""?"",""?"",""?"",""?"",""?"",""?"",""?"",""?"",""?"",""?"",""?"",""?"",""?"",""?"",""?"",""?"",""?"",""?"",""?"",""?"",""?"",""?"",""?"",""?"",""?"",""?"",""?"",""?"",""?"",""?"",""?"",""?"",""?"",""?"",""?"",""?"",""?"",""?"",""?"",""?"",""?"",""?"",""?"",""?"",""?"",""?"",""?"",""?"",""?"",""?"",""5,0"",""?"",""?"",""?"",""?"",""?"",""?"",""?"",""?"",""?"",""?"",""?"",""?"",""?"",""?"",""?"",""?"",""?"",""?"",""?"",""?"",""?"",""?"",""?"",""?"",""?"""
"""?"",""?"",""?"",""?"",""?"",""?"",""?"",""?"",""?"",""?"",""?"",""?"",""?"",""?"",""?"",""?"",""?"",""?"",""?"",""?"",""?"",""?"",""?"",""?"",""?"",""?"",""?"",""1,0"",""?"",""?"",""?"",""?"",""1,0"",""?"",""?"",""?"",""?"",""?"",""?"",""?"",""?"",""?"",""?"",""?"",""?"",""?"",""?"",""?"",""?"",""?"",""?"",""?"",""?"",""?"",""?"",""?"",""?"",""?"",""?"",""?"",""?"",""?"",""?"",""?"",""?"",""?"",""?"",""?"",""?"",""?"",""?"",""3,0"",""?"",""?"",""?"",""?"",""?"",""?"",""?"",""?"",""?"",""?"",""?"",""?"",""?"",""?"",""?"",""?"",""?"",""?"",""?"",""?"",""?"",""?"",""?"",""?"""
"""?"",""?"",""?"",""?"",""?"",""?"",""?"",""?"",""?"",""?"",""?"",""?"",""?"",""?"",""?"",""?"",""?"",""?"",""?"",""?"",""?"",""?"",""?"",""?"",""?"",""?"",""?"",""?"",""?"",""?"",""?"",""?"",""?"",""?"",""?"",""?"",""?"",""?"",""?"",""?"",""?"",""?"",""?"",""?"",""?"",""?"",""?"",""?"",""?"",""?"",""?"",""?"",""?"",""?"",""?"",""?"",""?"",""?"",""?"",""?"",""?"",""?"",""?"",""?"",""?"",""?"",""?"",""?"",""?"",""?"",""5,0"",""?"",""?"",""?"",""?"",""?"",""?"",""?"",""?"",""?"",""?"",""?"",""?"",""?"",""?"",""?"",""?"",""?"",""?"",""?"",""?"",""?"",""?"",""?"",""?"",""?"""
"""?"",""?"",""?"",""?"",""?"",""?"",""?"",""?"",""?"",""?"",""?"",""?"",""?"",""?"",""?"",""?"",""?"",""?"",""?"",""?"",""?"",""?"",""?"",""?"",""?"",""?"",""?"",""?"",""?"",""?"",""?"",""?"",""?"",""?"",""?"",""?"",""?"",""?"",""?"",""?"",""?"",""?"",""?"",""?"",""1,0"",""?"",""?"",""?"",""?"",""?"",""?"",""?"",""?"",""?"",""?"",""?"",""?"",""?"",""?"",""?"",""?"",""?"",""?"",""?"",""?"",""?"",""?"",""?"",""?"",""?"",""?"",""1,1"",""?"",""?"",""?"",""?"",""?"",""?"",""?"",""?"",""?"",""?"",""?"",""?"",""?"",""?"",""?"",""?"",""?"",""?"",""?"",""?"",""?"",""?"",""?"",""?"""
"""?"",""?"",""?"",""?"",""?"",""?"",""?"",""?"",""?"",""?"",""?"",""?"",""?"",""?"",""?"",""?"",""?"",""?"",""?"",""?"",""?"",""?"",""?"",""?"",""?"",""?"",""?"",""?"",""?"",""?"",""?"",""?"",""?"",""?"",""?"",""?"",""?"",""?"",""?"",""?"",""?"",""?"",""?"",""?"",""?"",""?"",""?"",""?"",""?"",""?"",""?"",""?"",""?"",""?"",""?"",""?"",""?"",""?"",""?"",""?"",""?"",""?"",""?"",""?"",""?"",""?"",""?"",""?"",""?"",""?"",""?"",""1,1"",""?"",""?"",""?"",""?"",""?"",""?"",""?"",""?"",""?"",""?"",""?"",""?"",""?"",""?"",""?"",""?"",""?"",""?"",""?"",""?"",""?"",""?"",""?"",""?"""
"""?"",""?"",""?"",""?"",""?"",""?"",""?"",""?"",""?"",""?"",""?"",""?"",""?"",""?"",""?"",""?"",""?"",""?"",""?"",""?"",""?"",""?"",""?"",""?"",""?"",""?"",""?"",""?"",""?"",""?"",""?"",""?"",""?"",""?"",""?"",""?"",""?"",""?"",""?"",""?"",""?"",""?"",""?"",""?"",""?"",""?"",""?"",""?"",""?"",""?"",""?"",""?"",""?"",""?"",""?"",""?"",""?"",""?"",""?"",""?"",""?"",""?"",""?"",""?"",""?"",""5,0"",""?"",""5,0"",""?"",""?"",""?"",""1,0"",""5,0"",""5,0"",""5,0"",""?"",""?"",""?"",""?"",""?"",""?"",""?"",""?"",""?"",""?"",""?"",""?"",""?"",""?"",""?"",""?"",""?"",""?"",""?"",""?"",""?"""
"""?"",""?"",""?"",""?"",""?"",""?"",""?"",""?"",""?"",""?"",""?"",""?"",""?"",""?"",""?"",""?"",""?"",""?"",""?"",""?"",""?"",""?"",""?"",""?"",""1,1"",""?"",""?"",""?"",""?"",""?"",""?"",""?"",""?"",""?"",""?"",""?"",""?"",""?"",""?"",""?"",""?"",""?"",""?"",""?"",""?"",""?"",""1,0"",""?"",""?"",""?"",""?"",""?"",""?"",""?"",""1,0"",""?"",""?"",""?"",""?"",""?"",""?"",""?"",""?"",""?"",""?"",""?"",""3,0"",""?"",""1,0"",""1,0"",""1,1"",""?"",""?"",""?"",""?"",""?"",""3,0"",""?"",""?"",""?"",""?"",""?"",""?"",""?"",""?"",""?"",""?"",""?"",""?"",""?"",""?"",""?"",""?"",""?"",""?"",""?"""
"""?"",""?"",""?"",""?"",""?"",""?"",""?"",""?"",""?"",""?"",""?"",""?"",""?"",""?"",""?"",""?"",""?"",""?"",""?"",""?"",""?"",""?"",""?"",""?"",""?"",""?"",""?"",""?"",""?"",""?"",""?"",""?"",""?"",""?"",""?"",""?"",""?"",""?"",""?"",""?"",""?"",""?"",""?"",""?"",""?"",""?"",""?"",""?"",""?"",""?"",""?"",""?"",""?"",""?"",""?"",""?"",""?"",""?"",""?"",""?"",""?"",""?"",""?"",""?"",""?"",""?"",""?"",""?"",""?"",""?"",""5,0"",""?"",""?"",""?"",""?"",""?"",""?"",""?"",""?"",""?"",""?"",""?"",""?"",""?"",""?"",""?"",""?"",""?"",""?"",""?"",""?"",""?"",""?"",""?"",""?"",""?"""
"""?"",""?"",""?"",""?"",""?"",""?"",""?"",""?"",""?"",""?"",""?"",""?"",""?"",""?"",""?"",""?"",""?"",""?"",""?"",""?"",""?"",""?"",""?"",""?"",""?"",""?"",""?"",""?"",""?"",""?"",""?"",""?"",""?"",""?"",""?"",""?"",""?"",""?"",""?"",""?"",""?"",""?"",""?"",""?"",""?"",""?"",""?"",""?"",""?"",""?"",""?"",""?"",""?"",""?"",""?"",""?"",""?"",""?"",""?"",""?"",""?"",""?"",""?"",""?"",""?"",""?"",""?"",""?"",""?"",""?"",""5,0"",""?"",""?"",""?"",""?"",""?"",""?"",""?"",""?"",""?"",""?"",""?"",""?"",""?"",""?"",""?"",""?"",""?"",""?"",""?"",""?"",""?"",""?"",""?"",""?"",""?"""
"""?"",""?"",""?"",""?"",""?"",""?"",""?"",""?"",""?"",""?"",""?"",""?"",""?"",""?"",""?"",""?"",""?"",""?"",""?"",""?"",""?"",""?"",""?"",""?"",""?"",""?"",""?"",""?"",""?"",""?"",""?"",""?"",""?"",""?"",""?"",""?"",""?"",""?"",""?"",""?"",""?"",""?"",""?"",""?"",""?"",""?"",""?"",""?"",""?"",""?"",""?"",""?"",""?"",""?"",""?"",""?"",""?"",""?"",""?"",""?"",""?"",""?"",""?"",""?"",""?"",""?"",""?"",""?"",""?"",""?"",""5,0"",""?"",""?"",""?"",""?"",""?"",""?"",""?"",""?"",""?"",""?"",""?"",""?"",""?"",""?"",""?"",""?"",""?"",""?"",""?"",""?"",""?"",""?"",""?"",""?"",""?"""
"""?"",""?"",""?"",""?"",""?"",""?"",""?"",""?"",""?"",""?"",""?"",""?"",""?"",""?"",""?"",""?"",""?"",""?"",""?"",""?"",""?"",""?"",""?"",""?"",""1,1"",""?"",""?"",""?"",""?"",""?"",""?"",""?"",""?"",""?"",""?"",""?"",""?"",""?"",""?"",""?"",""?"",""?"",""?"",""?"",""?"",""?"",""?"",""?"",""?"",""?"",""?"",""?"",""?"",""?"",""?"",""?"",""?"",""?"",""?"",""?"",""?"",""?"",""?"",""?"",""?"",""?"",""?"",""?"",""?"",""?"",""?"",""?"",""?"",""?"",""?"",""?"",""1,1"",""?"",""?"",""?"",""?"",""?"",""?"",""?"",""?"",""?"",""?"",""?"",""?"",""?"",""?"",""?"",""?"",""?"",""?"",""?"""
"""?"",""?"",""?"",""?"",""?"",""?"",""?"",""1,0"",""?"",""?"",""?"",""?"",""?"",""?"",""?"",""?"",""?"",""?"",""1,1,4,0"",""?"",""?"",""?"",""?"",""?"",""?"",""?"",""?"",""?"",""?"",""?"",""?"",""?"",""?"",""?"",""1,0"",""?"",""?"",""?"",""?"",""?"",""?"",""?"",""?"",""?"",""?"",""?"",""?"",""?"",""?"",""?"",""?"",""?"",""?"",""?"",""?"",""?"",""?"",""?"",""?"",""?"",""1,0"",""?"",""?"",""?"",""?"",""?"",""?"",""?"",""?"",""?"",""?"",""3,0"",""?"",""?"",""?"",""1,0"",""?"",""?"",""?"",""?"",""?"",""?"",""?"",""?"",""?"",""?"",""?"",""?"",""?"",""?"",""?"",""?"",""?"",""?"",""2,0"",""2,0"""
"""?"",""?"",""?"",""?"",""?"",""?"",""?"",""?"",""?"",""?"",""?"",""?"",""?"",""?"",""?"",""?"",""?"",""?"",""?"",""?"",""?"",""?"",""?"",""?"",""?"",""?"",""?"",""?"",""?"",""?"",""?"",""?"",""?"",""?"",""?"",""?"",""?"",""?"",""?"",""?"",""?"",""?"",""?"",""?"",""?"",""?"",""?"",""?"",""?"",""?"",""?"",""?"",""?"",""?"",""?"",""?"",""?"",""?"",""?"",""?"",""?"",""?"",""?"",""?"",""?"",""?"",""?"",""?"",""?"",""?"",""?"",""?"",""?"",""?"",""?"",""?"",""?"",""?"",""?"",""?"",""1,1"",""?"",""?"",""3,0,5,0"",""5,0"",""?"",""?"",""1,1"",""1,1"",""?"",""?"",""?"",""?"",""?"",""?"",""?"""
"""?"",""?"",""?"",""?"",""?"",""?"",""?"",""?"",""?"",""?"",""?"",""?"",""?"",""?"",""?"",""?"",""?"",""?"",""?"",""?"",""?"",""?"",""?"",""?"",""?"",""?"",""?"",""?"",""?"",""?"",""?"",""?"",""?"",""?"",""?"",""?"",""?"",""?"",""?"",""?"",""?"",""?"",""?"",""?"",""?"",""?"",""?"",""?"",""?"",""?"",""?"",""?"",""?"",""?"",""?"",""?"",""?"",""?"",""?"",""?"",""?"",""?"",""?"",""?"",""?"",""?"",""?"",""?"",""?"",""?"",""?"",""?"",""?"",""?"",""?"",""?"",""?"",""?"",""?"",""?"",""?"",""?"",""?"",""3,0"",""?"",""?"",""3,0,5,0"",""?"",""?"",""?"",""?"",""?"",""?"",""?"",""?"",""?"""
"""?"",""?"",""?"",""?"",""?"",""?"",""?"",""?"",""?"",""?"",""?"",""?"",""?"",""?"",""?"",""?"",""?"",""?"",""?"",""?"",""?"",""?"",""?"",""?"",""?"",""?"",""?"",""?"",""?"",""?"",""?"",""?"",""?"",""?"",""?"",""?"",""?"",""?"",""?"",""?"",""?"",""?"",""?"",""?"",""?"",""?"",""?"",""?"",""?"",""?"",""?"",""?"",""?"",""?"",""?"",""?"",""?"",""?"",""?"",""?"",""?"",""?"",""?"",""?"",""?"",""?"",""?"",""?"",""?"",""?"",""?"",""?"",""?"",""?"",""?"",""?"",""?"",""?"",""?"",""?"",""?"",""?"",""?"",""?"",""?"",""?"",""?"",""?"",""?"",""?"",""4,0"",""?"",""?"",""?"",""?"",""?"""
"""?"",""?"",""?"",""?"",""?"",""?"",""?"",""?"",""?"",""?"",""?"",""?"",""?"",""?"",""?"",""?"",""?"",""?"",""?"",""?"",""?"",""?"",""?"",""?"",""?"",""?"",""?"",""?"",""?"",""?"",""?"",""?"",""?"",""?"",""?"",""?"",""?"",""?"",""?"",""?"",""?"",""?"",""?"",""?"",""?"",""?"",""?"",""?"",""?"",""?"",""?"",""?"",""?"",""?"",""?"",""?"",""?"",""?"",""?"",""?"",""?"",""?"",""?"",""?"",""?"",""?"",""?"",""?"",""?"",""?"",""?"",""?"",""?"",""?"",""?"",""?"",""?"",""1,0"",""?"",""?"",""?"",""?"",""5,0"",""?"",""?"",""?"",""?"",""?"",""?"",""5,0"",""?"",""?"",""?"",""?"",""?"",""?"""
"""?"",""?"",""?"",""?"",""?"",""?"",""?"",""?"",""?"",""?"",""?"",""?"",""?"",""?"",""?"",""?"",""?"",""?"",""?"",""?"",""?"",""?"",""?"",""?"",""?"",""?"",""?"",""?"",""?"",""?"",""?"",""?"",""?"",""?"",""?"",""?"",""?"",""?"",""?"",""?"",""?"",""?"",""?"",""?"",""?"",""?"",""?"",""?"",""?"",""?"",""?"",""?"",""?"",""?"",""?"",""?"",""?"",""?"",""?"",""?"",""?"",""?"",""?"",""?"",""?"",""?"",""?"",""?"",""?"",""?"",""?"",""?"",""?"",""?"",""?"",""?"",""?"",""?"",""?"",""?"",""?"",""?"",""?"",""5,0"",""?"",""5,0"",""?"",""?"",""?"",""?"",""?"",""?"",""?"",""?"",""?"",""?"""
"""?"",""?"",""?"",""?"",""?"",""?"",""?"",""?"",""?"",""?"",""?"",""?"",""?"",""?"",""?"",""?"",""?"",""?"",""?"",""?"",""?"",""?"",""?"",""?"",""?"",""?"",""?"",""?"",""?"",""?"",""?"",""?"",""?"",""?"",""?"",""?"",""?"",""?"",""?"",""?"",""?"",""?"",""?"",""?"",""?"",""?"",""?"",""?"",""?"",""?"",""?"",""?"",""?"",""?"",""?"",""?"",""?"",""?"",""?"",""?"",""?"",""?"",""?"",""?"",""?"",""?"",""?"",""?"",""?"",""?"",""?"",""?"",""?"",""?"",""?"",""?"",""?"",""?"",""?"",""?"",""5,0"",""?"",""?"",""?"",""?"",""?"",""?"",""?"",""?"",""?"",""?"",""?"",""?"",""?"",""1,1"",""?"""
"""?"",""?"",""?"",""?"",""?"",""?"",""?"",""?"",""?"",""?"",""?"",""?"",""?"",""?"",""?"",""?"",""?"",""?"",""?"",""?"",""?"",""?"",""?"",""?"",""?"",""?"",""?"",""?"",""?"",""?"",""?"",""?"",""?"",""?"",""?"",""?"",""?"",""?"",""?"",""?"",""?"",""?"",""?"",""?"",""?"",""?"",""?"",""?"",""?"",""?"",""?"",""?"",""?"",""?"",""?"",""?"",""?"",""?"",""?"",""?"",""?"",""?"",""?"",""?"",""?"",""?"",""?"",""?"",""?"",""?"",""?"",""?"",""?"",""?"",""?"",""?"",""?"",""3,0,5,0"",""3,0"",""?"",""?"",""5,0"",""?"",""?"",""?"",""?"",""5,0"",""?"",""?"",""?"",""?"",""?"",""?"",""?"",""?"",""?"""
"""?"",""?"",""?"",""?"",""?"",""?"",""?"",""?"",""?"",""?"",""?"",""?"",""?"",""?"",""?"",""?"",""?"",""?"",""?"",""?"",""?"",""?"",""?"",""?"",""?"",""?"",""?"",""?"",""?"",""?"",""?"",""?"",""?"",""?"",""?"",""?"",""?"",""?"",""?"",""?"",""?"",""?"",""?"",""?"",""?"",""?"",""?"",""?"",""?"",""?"",""?"",""?"",""?"",""?"",""?"",""?"",""?"",""?"",""?"",""?"",""?"",""?"",""?"",""?"",""?"",""?"",""?"",""?"",""?"",""?"",""?"",""?"",""?"",""?"",""?"",""?"",""?"",""5,0"",""?"",""?"",""?"",""?"",""?"",""?"",""?"",""?"",""?"",""?"",""?"",""?"",""?"",""?"",""?"",""?"",""?"",""?"""
"""?"",""?"",""?"",""?"",""?"",""?"",""?"",""?"",""?"",""?"",""?"",""?"",""?"",""?"",""?"",""?"",""?"",""?"",""?"",""?"",""?"",""?"",""?"",""?"",""?"",""?"",""?"",""?"",""?"",""?"",""?"",""?"",""?"",""?"",""?"",""?"",""?"",""?"",""?"",""?"",""?"",""?"",""?"",""?"",""?"",""?"",""?"",""?"",""?"",""?"",""?"",""?"",""?"",""?"",""?"",""?"",""?"",""?"",""?"",""?"",""?"",""?"",""?"",""?"",""?"",""?"",""?"",""?"",""?"",""?"",""?"",""?"",""?"",""?"",""?"",""?"",""?"",""?"",""?"",""?"",""?"",""5,0"",""?"",""?"",""?"",""?"",""?"",""?"",""?"",""?"",""?"",""1,1"",""?"",""?"",""?"",""?"""
"""?"",""?"",""?"",""?"",""?"",""?"",""?"",""?"",""?"",""?"",""?"",""?"",""?"",""?"",""?"",""?"",""?"",""?"",""?"",""?"",""?"",""?"",""?"",""?"",""?"",""?"",""?"",""?"",""1,1"",""?"",""?"",""?"",""?"",""?"",""?"",""?"",""?"",""?"",""?"",""?"",""?"",""?"",""?"",""?"",""?"",""?"",""?"",""?"",""?"",""?"",""?"",""?"",""?"",""?"",""?"",""?"",""?"",""?"",""?"",""?"",""?"",""?"",""?"",""?"",""?"",""?"",""?"",""?"",""?"",""?"",""?"",""?"",""?"",""?"",""?"",""?"",""?"",""?"",""3,0,5,0"",""?"",""?"",""?"",""?"",""5,0"",""?"",""?"",""?"",""?"",""?"",""?"",""3,0"",""?"",""1,0"",""?"",""?"",""?"""
"""?"",""?"",""?"",""?"",""?"",""?"",""?"",""?"",""?"",""?"",""?"",""?"",""?"",""?"",""?"",""?"",""?"",""?"",""?"",""?"",""?"",""?"",""?"",""?"",""?"",""?"",""?"",""?"",""?"",""?"",""?"",""?"",""?"",""?"",""?"",""?"",""?"",""?"",""?"",""?"",""?"",""?"",""?"",""?"",""?"",""?"",""?"",""?"",""?"",""?"",""?"",""?"",""?"",""?"",""?"",""?"",""?"",""?"",""?"",""?"",""?"",""?"",""?"",""?"",""?"",""?"",""?"",""?"",""?"",""?"",""?"",""?"",""?"",""?"",""?"",""?"",""?"",""1,0"",""?"",""?"",""?"",""?"",""?"",""?"",""?"",""?"",""?"",""?"",""?"",""?"",""?"",""?"",""?"",""?"",""?"",""?"""
"""?"",""?"",""?"",""?"",""?"",""?"",""?"",""?"",""?"",""?"",""?"",""?"",""?"",""?"",""?"",""?"",""?"",""?"",""?"",""?"",""?"",""?"",""?"",""?"",""?"",""?"",""?"",""?"",""?"",""?"",""?"",""?"",""?"",""?"",""?"",""?"",""?"",""?"",""?"",""?"",""?"",""?"",""?"",""?"",""?"",""?"",""?"",""?"",""?"",""?"",""?"",""?"",""?"",""?"",""?"",""?"",""?"",""?"",""?"",""?"",""?"",""?"",""?"",""?"",""?"",""?"",""?"",""?"",""?"",""?"",""?"",""?"",""?"",""?"",""?"",""?"",""?"",""1,0"",""?"",""?"",""?"",""?"",""?"",""?"",""?"",""?"",""?"",""?"",""?"",""?"",""?"",""?"",""?"",""?"",""?"",""?"""
"""?"",""?"",""?"",""?"",""?"",""?"",""?"",""?"",""?"",""?"",""?"",""?"",""?"",""?"",""?"",""?"",""?"",""?"",""?"",""?"",""?"",""?"",""?"",""?"",""?"",""?"",""?"",""?"",""?"",""?"",""?"",""?"",""?"",""?"",""?"",""?"",""?"",""?"",""?"",""?"",""?"",""?"",""?"",""?"",""?"",""?"",""?"",""?"",""?"",""?"",""?"",""?"",""?"",""?"",""?"",""?"",""?"",""?"",""?"",""?"",""?"",""?"",""?"",""?"",""?"",""?"",""?"",""?"",""?"",""?"",""?"",""?"",""?"",""?"",""?"",""?"",""?"",""?"",""?"",""?"",""5,0"",""?"",""?"",""?"",""?"",""?"",""?"",""?"",""?"",""?"",""?"",""?"",""1,0"",""?"",""5,0"",""5,0"""
"""?"",""?"",""?"",""?"",""?"",""?"",""?"",""?"",""?"",""?"",""?"",""?"",""?"",""?"",""?"",""?"",""?"",""?"",""?"",""?"",""?"",""?"",""?"",""?"",""?"",""?"",""?"",""?"",""?"",""?"",""?"",""?"",""?"",""?"",""?"",""?"",""?"",""?"",""?"",""?"",""?"",""?"",""?"",""?"",""?"",""?"",""?"",""?"",""?"",""?"",""?"",""?"",""?"",""?"",""?"",""?"",""?"",""?"",""?"",""?"",""?"",""?"",""?"",""?"",""?"",""?"",""?"",""?"",""?"",""?"",""?"",""?"",""?"",""?"",""?"",""?"",""?"",""?"",""?"",""4,0"",""?"",""?"",""?"",""?"",""?"",""?"",""3,0"",""?"",""?"",""?"",""?"",""?"",""?"",""?"",""?"",""?"""
"""?"",""?"",""?"",""?"",""?"",""?"",""?"",""?"",""?"",""?"",""?"",""?"",""?"",""?"",""?"",""?"",""?"",""?"",""?"",""?"",""?"",""?"",""?"",""?"",""?"",""?"",""?"",""?"",""?"",""?"",""?"",""?"",""?"",""?"",""?"",""?"",""?"",""?"",""?"",""?"",""?"",""?"",""?"",""?"",""?"",""?"",""?"",""?"",""?"",""?"",""?"",""?"",""?"",""?"",""?"",""?"",""?"",""?"",""?"",""?"",""?"",""?"",""?"",""?"",""?"",""?"",""?"",""?"",""?"",""?"",""?"",""?"",""?"",""?"",""?"",""?"",""?"",""?"",""?"",""?"",""?"",""?"",""?"",""?"",""?"",""1,0"",""?"",""?"",""?"",""?"",""?"",""?"",""?"",""?"",""?"",""?"""
"""?"",""?"",""?"",""?"",""?"",""?"",""?"",""?"",""?"",""?"",""?"",""?"",""?"",""?"",""?"",""?"",""?"",""?"",""?"",""?"",""?"",""?"",""?"",""?"",""?"",""?"",""?"",""?"",""?"",""?"",""?"",""?"",""?"",""?"",""?"",""?"",""?"",""?"",""?"",""?"",""?"",""?"",""?"",""?"",""?"",""?"",""?"",""?"",""?"",""?"",""?"",""?"",""?"",""?"",""?"",""?"",""?"",""?"",""?"",""?"",""?"",""?"",""?"",""?"",""?"",""?"",""?"",""?"",""?"",""?"",""?"",""?"",""?"",""?"",""?"",""?"",""?"",""?"",""?"",""?"",""?"",""?"",""?"",""?"",""?"",""?"",""1,1"",""?"",""?"",""1,1"",""?"",""?"",""?"",""?"",""?"",""?"""
"""?"",""?"",""?"",""?"",""?"",""?"",""?"",""?"",""?"",""?"",""?"",""?"",""?"",""?"",""?"",""?"",""?"",""?"",""2,1"",""?"",""?"",""?"",""?"",""?"",""?"",""?"",""2,1"",""?"",""?"",""?"",""?"",""?"",""?"",""?"",""?"",""?"",""?"",""?"",""?"",""?"",""?"",""?"",""?"",""?"",""?"",""?"",""?"",""?"",""?"",""?"",""?"",""?"",""?"",""?"",""?"",""?"",""?"",""?"",""?"",""?"",""?"",""?"",""?"",""?"",""?"",""?"",""?"",""?"",""?"",""?"",""?"",""?"",""?"",""?"",""?"",""?"",""?"",""?"",""?"",""?"",""?"",""?"",""?"",""?"",""?"",""?"",""?"",""?"",""?"",""?"",""?"",""?"",""?"",""?"",""1,0"",""?"""
"""?"",""?"",""?"",""?"",""?"",""?"",""?"",""?"",""?"",""?"",""?"",""?"",""?"",""?"",""?"",""?"",""?"",""?"",""?"",""?"",""?"",""?"",""?"",""?"",""?"",""?"",""?"",""?"",""?"",""?"",""?"",""?"",""?"",""?"",""?"",""?"",""?"",""?"",""?"",""?"",""?"",""?"",""?"",""?"",""?"",""?"",""?"",""?"",""?"",""?"",""?"",""?"",""?"",""?"",""?"",""?"",""?"",""?"",""?"",""?"",""?"",""?"",""?"",""?"",""?"",""?"",""?"",""?"",""?"",""?"",""?"",""?"",""?"",""?"",""?"",""?"",""2,1"",""?"",""?"",""?"",""?"",""?"",""1,0"",""?"",""?"",""?"",""?"",""?"",""?"",""5,0"",""?"",""?"",""?"",""1,1"",""?"",""?"""
"""?"",""?"",""?"",""?"",""?"",""?"",""?"",""?"",""?"",""?"",""?"",""?"",""?"",""?"",""?"",""?"",""?"",""?"",""?"",""?"",""?"",""?"",""?"",""?"",""?"",""?"",""?"",""?"",""?"",""?"",""?"",""?"",""?"",""?"",""?"",""?"",""?"",""?"",""?"",""?"",""?"",""?"",""?"",""?"",""?"",""?"",""?"",""?"",""?"",""?"",""?"",""?"",""?"",""?"",""?"",""?"",""?"",""?"",""?"",""?"",""?"",""?"",""?"",""?"",""?"",""?"",""?"",""?"",""?"",""?"",""?"",""?"",""?"",""?"",""?"",""?"",""2,1"",""?"",""?"",""?"",""?"",""?"",""?"",""?"",""?"",""?"",""?"",""?"",""?"",""5,0"",""?"",""?"",""?"",""?"",""?"",""?"""
