MarvinVideoManager,MarvinImageIO,MarvinAbstractToolPlugin,MarvinAbstractPlugin,MarvinPlugin,MarvinToolPlugin,MarvinAbstractImagePlugin,MarvinImagePlugin,MarvinPerformanceWindow,MarvinPerformanceRegistry,MarvinPerformanceEntry,MarvinPerformanceEvent,MarvinPerformanceMeter,MarvinBarChartEntry,MarvinBarChart,MarvinHistogram,MarvinHistogramEntry,MarvinColorModelConverter,MarvinImageMask,MarvinImage,MarvinImagePanel,MarvinAttributesPanel,ButtonHandler,MarvinToolPanel,MarvinFilterWindow,MarvinPluginWindowComponent,MarvinMatrixPanel,ActionHandler,MouseHandler,ComponentType,MarvinPluginWindow,MarvinEditableImagePanel
"""?"",""?"",""?"",""?"",""?"",""?"",""?"",""3,0"",""?"",""?"",""?"",""?"",""?"",""?"",""?"",""?"",""?"",""?"",""?"",""3,0"",""3,0"",""?"",""?"",""?"",""?"",""?"",""?"",""?"",""?"",""?"",""?"",""?"""
"""?"",""?"",""?"",""?"",""?"",""?"",""?"",""?"",""?"",""?"",""?"",""?"",""?"",""?"",""?"",""?"",""?"",""?"",""?"",""2,1"",""?"",""?"",""?"",""?"",""?"",""?"",""?"",""?"",""?"",""?"",""?"",""?"""
"""?"",""?"",""?"",""5,0"",""?"",""5,0"",""?"",""?"",""?"",""?"",""?"",""?"",""?"",""?"",""?"",""?"",""?"",""?"",""?"",""?"",""?"",""?"",""?"",""?"",""?"",""?"",""?"",""?"",""?"",""?"",""?"",""?"""
"""?"",""?"",""5,0"",""?"",""?"",""?"",""5,0"",""?"",""?"",""?"",""?"",""?"",""?"",""?"",""?"",""?"",""?"",""?"",""?"",""?"",""3,0"",""?"",""?"",""?"",""?"",""?"",""?"",""?"",""?"",""?"",""?"",""?"""
"""?"",""?"",""?"",""?"",""?"",""5,0"",""?"",""5,0"",""?"",""?"",""?"",""?"",""?"",""?"",""?"",""?"",""?"",""?"",""2,1"",""?"",""?"",""?"",""?"",""?"",""?"",""?"",""?"",""?"",""?"",""?"",""?"",""?"""
"""?"",""?"",""5,0"",""?"",""5,0"",""?"",""?"",""?"",""?"",""?"",""?"",""?"",""?"",""?"",""?"",""?"",""?"",""?"",""?"",""?"",""?"",""?"",""?"",""3,0"",""?"",""?"",""?"",""?"",""?"",""?"",""2,1"",""3,0"""
"""?"",""?"",""?"",""5,0"",""?"",""?"",""?"",""5,0"",""?"",""?"",""?"",""?"",""?"",""?"",""?"",""?"",""?"",""?"",""?"",""?"",""?"",""?"",""?"",""?"",""?"",""?"",""?"",""?"",""?"",""?"",""?"",""?"""
"""3,0"",""?"",""?"",""?"",""5,0"",""?"",""5,0"",""?"",""?"",""?"",""?"",""?"",""?"",""?"",""?"",""?"",""?"",""?"",""?"",""2,1"",""2,1"",""1,1,2,1"",""?"",""?"",""3,0"",""?"",""?"",""?"",""?"",""?"",""?"",""?"""
"""?"",""?"",""?"",""?"",""?"",""?"",""?"",""?"",""?"",""?"",""1,1"",""1,1"",""2,0"",""2,1"",""3,0"",""?"",""?"",""?"",""?"",""?"",""?"",""?"",""?"",""?"",""?"",""?"",""?"",""?"",""?"",""?"",""?"",""?"""
"""?"",""?"",""?"",""?"",""?"",""?"",""?"",""?"",""?"",""?"",""3,0"",""?"",""3,0"",""?"",""?"",""?"",""?"",""?"",""?"",""?"",""?"",""?"",""?"",""?"",""?"",""?"",""?"",""?"",""?"",""?"",""?"",""?"""
"""?"",""?"",""?"",""?"",""?"",""?"",""?"",""?"",""1,0"",""3,0"",""?"",""4,0"",""3,0"",""?"",""?"",""?"",""?"",""?"",""?"",""?"",""?"",""?"",""?"",""?"",""?"",""?"",""?"",""?"",""?"",""?"",""?"",""?"""
"""?"",""?"",""?"",""?"",""?"",""?"",""?"",""?"",""1,0"",""?"",""4,0"",""?"",""?"",""?"",""?"",""?"",""?"",""?"",""?"",""?"",""?"",""?"",""?"",""?"",""?"",""?"",""?"",""?"",""?"",""?"",""?"",""?"""
"""?"",""?"",""?"",""?"",""?"",""?"",""?"",""?"",""2,1"",""3,0"",""3,0"",""?"",""?"",""?"",""?"",""?"",""?"",""?"",""?"",""?"",""?"",""?"",""?"",""?"",""?"",""?"",""?"",""?"",""?"",""?"",""?"",""?"""
"""?"",""?"",""?"",""?"",""?"",""?"",""?"",""?"",""2,0"",""?"",""?"",""?"",""?"",""?"",""3,0"",""?"",""?"",""?"",""?"",""?"",""?"",""?"",""?"",""?"",""?"",""?"",""?"",""?"",""?"",""?"",""?"",""?"""
"""?"",""?"",""?"",""?"",""?"",""?"",""?"",""?"",""3,0"",""?"",""?"",""?"",""?"",""3,0"",""?"",""?"",""?"",""?"",""?"",""?"",""?"",""?"",""?"",""?"",""?"",""?"",""?"",""?"",""?"",""?"",""?"",""?"""
"""?"",""?"",""?"",""?"",""?"",""?"",""?"",""?"",""?"",""?"",""?"",""?"",""?"",""?"",""?"",""?"",""3,0"",""?"",""?"",""?"",""?"",""?"",""?"",""?"",""?"",""?"",""?"",""?"",""?"",""?"",""?"",""?"""
"""?"",""?"",""?"",""?"",""?"",""?"",""?"",""?"",""?"",""?"",""?"",""?"",""?"",""?"",""?"",""3,0"",""?"",""?"",""?"",""?"",""?"",""?"",""?"",""?"",""?"",""?"",""?"",""?"",""?"",""?"",""?"",""?"""
"""?"",""?"",""?"",""?"",""?"",""?"",""?"",""?"",""?"",""?"",""?"",""?"",""?"",""?"",""?"",""?"",""?"",""?"",""?"",""1,0"",""?"",""?"",""?"",""?"",""?"",""?"",""?"",""?"",""?"",""?"",""?"",""?"""
"""?"",""?"",""?"",""?"",""2,0"",""?"",""?"",""?"",""?"",""?"",""?"",""?"",""?"",""?"",""?"",""?"",""?"",""?"",""?"",""?"",""?"",""?"",""?"",""?"",""2,0"",""?"",""?"",""?"",""?"",""?"",""?"",""3,0"""
"""3,0"",""2,0"",""?"",""?"",""?"",""?"",""?"",""2,0"",""?"",""?"",""?"",""?"",""?"",""?"",""?"",""?"",""?"",""1,0"",""?"",""?"",""3,0"",""?"",""?"",""?"",""1,0,3,0"",""?"",""?"",""?"",""?"",""?"",""?"",""?"""
"""3,0"",""?"",""?"",""3,0"",""?"",""?"",""?"",""2,0"",""?"",""?"",""?"",""?"",""?"",""?"",""?"",""?"",""?"",""?"",""?"",""3,0"",""?"",""?"",""?"",""3,0"",""3,0"",""3,0"",""?"",""?"",""?"",""?"",""?"",""5,0"""
"""?"",""?"",""?"",""?"",""?"",""?"",""?"",""1,0,2,0"",""?"",""?"",""?"",""?"",""?"",""?"",""?"",""?"",""?"",""?"",""?"",""?"",""?"",""?"",""?"",""?"",""3,0"",""3,0"",""2,1"",""?"",""?"",""2,1"",""?"",""?"""
"""?"",""?"",""?"",""?"",""?"",""?"",""?"",""?"",""?"",""?"",""?"",""?"",""?"",""?"",""?"",""?"",""?"",""?"",""?"",""?"",""?"",""?"",""?"",""4,0"",""?"",""?"",""?"",""?"",""?"",""?"",""?"",""?"""
"""?"",""?"",""?"",""?"",""?"",""3,0"",""?"",""?"",""?"",""?"",""?"",""?"",""?"",""?"",""?"",""?"",""?"",""?"",""?"",""?"",""3,0"",""?"",""4,0"",""?"",""?"",""?"",""?"",""?"",""?"",""?"",""?"",""3,0"""
"""?"",""?"",""?"",""?"",""?"",""?"",""?"",""3,0"",""?"",""?"",""?"",""?"",""?"",""?"",""?"",""?"",""?"",""?"",""2,1"",""1,1,3,0"",""3,0"",""3,0"",""?"",""?"",""?"",""?"",""?"",""4,0"",""?"",""?"",""5,0"",""?"""
"""?"",""?"",""?"",""?"",""?"",""?"",""?"",""?"",""?"",""?"",""?"",""?"",""?"",""?"",""?"",""?"",""?"",""?"",""?"",""?"",""3,0"",""3,0"",""?"",""?"",""?"",""?"",""?"",""?"",""?"",""4,0"",""?"",""?"""
"""?"",""?"",""?"",""?"",""?"",""?"",""?"",""?"",""?"",""?"",""?"",""?"",""?"",""?"",""?"",""?"",""?"",""?"",""?"",""?"",""?"",""2,0"",""?"",""?"",""?"",""?"",""?"",""?"",""?"",""?"",""?"",""?"""
"""?"",""?"",""?"",""?"",""?"",""?"",""?"",""?"",""?"",""?"",""?"",""?"",""?"",""?"",""?"",""?"",""?"",""?"",""?"",""?"",""?"",""?"",""?"",""?"",""4,0"",""?"",""?"",""?"",""?"",""?"",""?"",""?"""
"""?"",""?"",""?"",""?"",""?"",""?"",""?"",""?"",""?"",""?"",""?"",""?"",""?"",""?"",""?"",""?"",""?"",""?"",""?"",""?"",""?"",""?"",""?"",""?"",""?"",""?"",""?"",""?"",""?"",""?"",""?"",""4,0"""
"""?"",""?"",""?"",""?"",""?"",""?"",""?"",""?"",""?"",""?"",""?"",""?"",""?"",""?"",""?"",""?"",""?"",""?"",""?"",""?"",""?"",""2,0"",""?"",""?"",""?"",""4,0"",""?"",""?"",""?"",""?"",""?"",""?"""
"""?"",""?"",""?"",""?"",""?"",""2,0"",""?"",""?"",""?"",""?"",""?"",""?"",""?"",""?"",""?"",""?"",""?"",""?"",""?"",""?"",""?"",""?"",""?"",""?"",""5,0"",""?"",""?"",""?"",""?"",""?"",""?"",""?"""
"""?"",""?"",""?"",""?"",""?"",""3,0"",""?"",""?"",""?"",""?"",""?"",""?"",""?"",""?"",""?"",""?"",""?"",""?"",""3,0"",""?"",""5,0"",""?"",""?"",""3,0"",""?"",""?"",""?"",""?"",""4,0"",""?"",""?"",""?"""
