Writer,Purifier,DefaultFilter,NamespaceSupport,FilterEntry,NamespaceBinder,ElementRemover,Identity,XercesBridge22,XercesBridge,XercesBridge20,XercesBridge23,XercesBridge21,DOMFragmentParser,DOMParser,AbstractParser,SAXParser,HTMLTagBalancingListener,LostText,PlaybackInputStream,ElementList,LocationItem,CurrentEntity,SpecialScanner,HTMLComponent,SynthesizedItem,HTMLElements,SecuritySupport12,HTMLEventInfo,HTMLScanner,HTMLErrorReporter,HTMLTagBalancer,ErrorReporter,ObjectFactory,ElementEntry,Element,HTMLAugmentations,Info,LostTextEntry,ConfigurationError,IntPropertiesEntry,HTMLConfiguration,SecuritySupport,ContentScanner,IntProperties,InfoStack,HTMLEntities
"""?"",""?"",""5,0"",""?"",""?"",""?"",""?"",""?"",""?"",""?"",""?"",""?"",""?"",""?"",""?"",""?"",""?"",""?"",""?"",""?"",""?"",""?"",""?"",""?"",""?"",""?"",""2,1"",""?"",""?"",""?"",""?"",""?"",""?"",""?"",""?"",""?"",""?"",""?"",""?"",""?"",""?"",""?"",""?"",""?"",""?"",""?"",""?"""
"""?"",""?"",""5,0"",""?"",""?"",""1,1"",""?"",""?"",""?"",""?"",""?"",""?"",""?"",""?"",""?"",""?"",""?"",""?"",""?"",""?"",""?"",""?"",""?"",""?"",""?"",""?"",""?"",""?"",""2,1,3,0"",""?"",""?"",""?"",""?"",""?"",""?"",""?"",""2,1,3,0"",""?"",""?"",""?"",""?"",""?"",""?"",""?"",""?"",""?"",""?"""
"""5,0"",""5,0"",""?"",""?"",""?"",""5,0"",""5,0"",""5,0"",""?"",""1,1"",""?"",""?"",""?"",""3,0"",""?"",""?"",""?"",""?"",""?"",""?"",""?"",""?"",""?"",""?"",""5,0"",""?"",""?"",""?"",""?"",""?"",""?"",""?"",""?"",""?"",""?"",""?"",""?"",""?"",""?"",""?"",""?"",""?"",""?"",""?"",""?"",""?"",""?"""
"""?"",""?"",""?"",""?"",""4,0"",""4,0"",""?"",""?"",""?"",""?"",""?"",""?"",""?"",""?"",""?"",""?"",""?"",""?"",""?"",""?"",""?"",""?"",""?"",""?"",""?"",""?"",""?"",""?"",""?"",""?"",""?"",""?"",""?"",""?"",""?"",""?"",""?"",""?"",""?"",""?"",""?"",""?"",""?"",""2,0"",""?"",""?"",""?"""
"""?"",""?"",""?"",""4,0"",""?"",""?"",""?"",""?"",""?"",""?"",""?"",""?"",""?"",""?"",""?"",""?"",""?"",""?"",""?"",""?"",""?"",""?"",""?"",""?"",""?"",""?"",""?"",""?"",""?"",""?"",""?"",""?"",""?"",""?"",""?"",""?"",""?"",""?"",""?"",""?"",""?"",""?"",""?"",""?"",""?"",""?"",""?"""
"""?"",""1,0"",""5,0"",""4,0"",""?"",""?"",""?"",""?"",""?"",""?"",""?"",""?"",""?"",""?"",""?"",""?"",""?"",""?"",""?"",""?"",""?"",""?"",""?"",""?"",""?"",""?"",""2,1"",""?"",""?"",""?"",""?"",""?"",""?"",""?"",""?"",""?"",""?"",""?"",""?"",""?"",""?"",""3,0"",""?"",""?"",""?"",""?"",""?"""
"""?"",""?"",""5,0"",""?"",""?"",""?"",""?"",""?"",""?"",""?"",""?"",""?"",""?"",""?"",""?"",""?"",""?"",""?"",""?"",""?"",""?"",""?"",""?"",""?"",""?"",""?"",""?"",""?"",""?"",""?"",""?"",""?"",""?"",""?"",""?"",""?"",""?"",""?"",""?"",""?"",""?"",""?"",""?"",""?"",""?"",""?"",""?"""
"""?"",""?"",""5,0"",""?"",""?"",""?"",""?"",""?"",""?"",""?"",""?"",""?"",""?"",""?"",""?"",""?"",""?"",""?"",""?"",""?"",""?"",""?"",""?"",""?"",""?"",""?"",""?"",""?"",""2,1"",""?"",""?"",""?"",""?"",""?"",""?"",""?"",""?"",""?"",""?"",""?"",""?"",""?"",""?"",""?"",""?"",""?"",""?"""
"""?"",""?"",""?"",""?"",""?"",""?"",""?"",""?"",""?"",""5,0"",""?"",""5,0"",""?"",""?"",""?"",""?"",""?"",""?"",""?"",""?"",""?"",""?"",""?"",""?"",""?"",""?"",""?"",""?"",""?"",""?"",""?"",""?"",""?"",""?"",""?"",""?"",""?"",""?"",""?"",""?"",""?"",""?"",""?"",""?"",""?"",""?"",""?"""
"""?"",""?"",""1,0"",""?"",""?"",""?"",""?"",""?"",""5,0"",""?"",""5,0"",""?"",""5,0"",""2,1,2,0"",""?"",""?"",""?"",""?"",""?"",""?"",""?"",""?"",""?"",""?"",""?"",""?"",""?"",""?"",""?"",""?"",""?"",""1,0"",""?"",""?"",""?"",""?"",""?"",""?"",""?"",""?"",""?"",""2,0"",""?"",""1,0"",""?"",""?"",""?"""
"""?"",""?"",""?"",""?"",""?"",""?"",""?"",""?"",""?"",""5,0"",""?"",""?"",""?"",""?"",""?"",""?"",""?"",""?"",""?"",""?"",""?"",""?"",""?"",""?"",""?"",""?"",""?"",""?"",""?"",""?"",""?"",""?"",""?"",""?"",""?"",""?"",""?"",""?"",""?"",""?"",""?"",""?"",""?"",""?"",""?"",""?"",""?"""
"""?"",""?"",""?"",""?"",""?"",""?"",""?"",""?"",""5,0"",""?"",""?"",""?"",""?"",""?"",""?"",""?"",""?"",""?"",""?"",""?"",""?"",""?"",""?"",""?"",""?"",""?"",""?"",""?"",""?"",""?"",""?"",""?"",""?"",""?"",""?"",""?"",""?"",""?"",""?"",""?"",""?"",""?"",""?"",""?"",""?"",""?"",""?"""
"""?"",""?"",""?"",""?"",""?"",""?"",""?"",""?"",""?"",""5,0"",""?"",""?"",""?"",""?"",""?"",""?"",""?"",""?"",""?"",""?"",""?"",""?"",""?"",""?"",""?"",""?"",""?"",""?"",""?"",""?"",""?"",""?"",""?"",""?"",""?"",""?"",""?"",""?"",""?"",""?"",""?"",""?"",""?"",""?"",""?"",""?"",""?"""
"""?"",""?"",""3,0"",""?"",""?"",""?"",""?"",""?"",""?"",""2,0,2,1"",""?"",""?"",""?"",""?"",""?"",""5,0"",""?"",""?"",""?"",""?"",""?"",""?"",""?"",""?"",""?"",""?"",""?"",""?"",""?"",""?"",""?"",""?"",""?"",""?"",""?"",""?"",""?"",""?"",""?"",""?"",""?"",""?"",""?"",""?"",""?"",""?"",""?"""
"""?"",""?"",""?"",""?"",""?"",""?"",""?"",""?"",""?"",""?"",""?"",""?"",""?"",""?"",""?"",""5,0"",""?"",""?"",""?"",""?"",""?"",""?"",""?"",""?"",""?"",""?"",""?"",""?"",""?"",""?"",""?"",""?"",""?"",""?"",""?"",""?"",""?"",""?"",""?"",""?"",""?"",""?"",""?"",""?"",""?"",""?"",""?"""
"""?"",""?"",""?"",""?"",""?"",""?"",""?"",""?"",""?"",""?"",""?"",""?"",""?"",""5,0"",""5,0"",""?"",""5,0"",""?"",""?"",""?"",""?"",""?"",""?"",""?"",""?"",""?"",""?"",""?"",""?"",""?"",""?"",""?"",""?"",""?"",""?"",""?"",""?"",""?"",""?"",""?"",""?"",""2,1"",""?"",""?"",""?"",""?"",""?"""
"""?"",""?"",""?"",""?"",""?"",""?"",""?"",""?"",""?"",""?"",""?"",""?"",""?"",""?"",""?"",""5,0"",""?"",""?"",""?"",""?"",""?"",""?"",""?"",""?"",""?"",""?"",""?"",""?"",""?"",""?"",""?"",""?"",""?"",""?"",""?"",""?"",""?"",""?"",""?"",""?"",""?"",""?"",""?"",""?"",""?"",""?"",""?"""
"""?"",""?"",""?"",""?"",""?"",""?"",""?"",""?"",""?"",""?"",""?"",""?"",""?"",""?"",""?"",""?"",""?"",""?"",""?"",""?"",""?"",""?"",""?"",""?"",""?"",""?"",""?"",""?"",""?"",""?"",""?"",""3,0"",""?"",""?"",""?"",""?"",""?"",""?"",""?"",""?"",""?"",""?"",""?"",""?"",""?"",""?"",""?"""
"""?"",""?"",""?"",""?"",""?"",""?"",""?"",""?"",""?"",""?"",""?"",""?"",""?"",""?"",""?"",""?"",""?"",""?"",""?"",""?"",""?"",""?"",""?"",""?"",""?"",""?"",""?"",""?"",""?"",""?"",""?"",""3,0"",""?"",""?"",""?"",""?"",""3,0"",""?"",""4,0,4,0"",""?"",""?"",""?"",""?"",""?"",""?"",""?"",""?"""
"""?"",""?"",""?"",""?"",""?"",""?"",""?"",""?"",""?"",""?"",""?"",""?"",""?"",""?"",""?"",""?"",""?"",""?"",""?"",""?"",""?"",""?"",""?"",""?"",""?"",""?"",""?"",""?"",""?"",""4,0"",""?"",""?"",""?"",""?"",""?"",""?"",""?"",""?"",""?"",""?"",""?"",""?"",""?"",""?"",""?"",""?"",""?"""
"""?"",""?"",""?"",""?"",""?"",""?"",""?"",""?"",""?"",""?"",""?"",""?"",""?"",""?"",""?"",""?"",""?"",""?"",""?"",""?"",""?"",""?"",""?"",""?"",""?"",""?"",""3,0"",""?"",""?"",""?"",""?"",""?"",""?"",""?"",""?"",""3,0"",""?"",""?"",""?"",""?"",""?"",""?"",""?"",""?"",""?"",""?"",""?"""
"""?"",""?"",""?"",""?"",""?"",""?"",""?"",""?"",""?"",""?"",""?"",""?"",""?"",""?"",""?"",""?"",""?"",""?"",""?"",""?"",""?"",""?"",""?"",""?"",""?"",""?"",""?"",""?"",""?"",""4,0"",""?"",""?"",""?"",""?"",""?"",""?"",""?"",""?"",""?"",""?"",""?"",""?"",""?"",""?"",""?"",""?"",""?"""
"""?"",""?"",""?"",""?"",""?"",""?"",""?"",""?"",""?"",""?"",""?"",""?"",""?"",""?"",""?"",""?"",""?"",""?"",""?"",""?"",""?"",""?"",""?"",""?"",""?"",""?"",""?"",""?"",""?"",""4,0"",""?"",""?"",""?"",""?"",""?"",""?"",""?"",""?"",""?"",""?"",""?"",""?"",""?"",""?"",""?"",""?"",""?"""
"""?"",""?"",""?"",""?"",""?"",""?"",""?"",""?"",""?"",""?"",""?"",""?"",""?"",""?"",""?"",""?"",""?"",""?"",""?"",""?"",""?"",""?"",""?"",""?"",""?"",""?"",""?"",""?"",""?"",""4,0"",""?"",""?"",""?"",""?"",""?"",""?"",""?"",""?"",""?"",""?"",""?"",""?"",""?"",""?"",""?"",""?"",""?"""
"""?"",""?"",""5,0"",""?"",""?"",""?"",""?"",""?"",""?"",""?"",""?"",""?"",""?"",""?"",""?"",""?"",""?"",""?"",""?"",""?"",""?"",""?"",""?"",""?"",""?"",""?"",""?"",""?"",""?"",""5,0"",""?"",""?"",""?"",""?"",""?"",""?"",""?"",""?"",""?"",""?"",""?"",""1,0"",""?"",""?"",""?"",""?"",""?"""
"""?"",""?"",""?"",""?"",""?"",""?"",""?"",""?"",""?"",""?"",""?"",""?"",""?"",""?"",""?"",""?"",""?"",""?"",""?"",""?"",""?"",""?"",""?"",""?"",""?"",""?"",""?"",""?"",""4,0,5,0"",""?"",""?"",""?"",""?"",""?"",""?"",""?"",""?"",""?"",""?"",""?"",""?"",""?"",""?"",""?"",""?"",""?"",""?"""
"""2,0"",""?"",""?"",""?"",""?"",""2,0"",""?"",""?"",""?"",""?"",""?"",""?"",""?"",""?"",""?"",""?"",""?"",""?"",""?"",""?"",""3,0"",""?"",""?"",""?"",""?"",""?"",""?"",""?"",""?"",""?"",""?"",""2,0"",""?"",""?"",""?"",""4,0"",""3,0"",""?"",""?"",""?"",""?"",""?"",""?"",""2,0"",""?"",""?"",""?"""
"""?"",""?"",""?"",""?"",""?"",""?"",""?"",""?"",""?"",""?"",""?"",""?"",""?"",""?"",""?"",""?"",""?"",""?"",""?"",""?"",""?"",""?"",""?"",""?"",""?"",""?"",""?"",""?"",""?"",""?"",""?"",""?"",""?"",""?"",""?"",""?"",""?"",""?"",""?"",""?"",""?"",""?"",""5,0"",""?"",""?"",""?"",""?"""
"""?"",""2,0,3,0"",""?"",""?"",""?"",""?"",""?"",""2,0"",""?"",""?"",""?"",""?"",""?"",""?"",""?"",""?"",""?"",""?"",""?"",""?"",""?"",""?"",""?"",""?"",""?"",""4,0,5,0"",""?"",""?"",""?"",""2,0"",""?"",""2,0"",""?"",""?"",""?"",""?"",""?"",""?"",""?"",""?"",""?"",""?"",""?"",""?"",""?"",""?"",""?"""
"""?"",""?"",""?"",""?"",""?"",""?"",""?"",""?"",""?"",""?"",""?"",""?"",""?"",""?"",""?"",""?"",""?"",""?"",""?"",""4,0"",""?"",""4,0"",""4,0"",""4,0"",""5,0"",""?"",""?"",""?"",""2,1"",""?"",""3,0"",""?"",""?"",""?"",""?"",""?"",""2,0,3,0"",""?"",""?"",""?"",""?"",""3,0"",""?"",""4,0"",""?"",""?"",""2,1"""
"""?"",""?"",""?"",""?"",""?"",""?"",""?"",""?"",""?"",""?"",""?"",""?"",""?"",""?"",""?"",""?"",""?"",""?"",""?"",""?"",""?"",""?"",""?"",""?"",""?"",""?"",""?"",""?"",""?"",""3,0"",""?"",""3,0"",""5,0"",""?"",""?"",""?"",""?"",""?"",""?"",""?"",""?"",""?"",""?"",""?"",""?"",""?"",""?"""
"""?"",""?"",""?"",""?"",""?"",""?"",""?"",""?"",""?"",""1,1"",""?"",""?"",""?"",""?"",""?"",""?"",""?"",""3,0"",""3,0"",""?"",""?"",""?"",""?"",""?"",""?"",""?"",""2,1"",""?"",""2,1"",""?"",""3,0"",""?"",""?"",""?"",""4,0"",""?"",""?"",""4,0"",""?"",""?"",""?"",""3,0"",""?"",""?"",""?"",""4,0"",""?"""
"""?"",""?"",""?"",""?"",""?"",""?"",""?"",""?"",""?"",""?"",""?"",""?"",""?"",""?"",""?"",""?"",""?"",""?"",""?"",""?"",""?"",""?"",""?"",""?"",""?"",""?"",""?"",""?"",""?"",""?"",""5,0"",""?"",""?"",""?"",""?"",""?"",""?"",""?"",""?"",""?"",""?"",""4,0"",""?"",""?"",""?"",""?"",""?"""
"""?"",""?"",""?"",""?"",""?"",""?"",""?"",""?"",""?"",""?"",""?"",""?"",""?"",""?"",""?"",""?"",""?"",""?"",""?"",""?"",""?"",""?"",""?"",""?"",""?"",""?"",""?"",""?"",""?"",""?"",""?"",""?"",""?"",""?"",""?"",""?"",""?"",""?"",""?"",""4,0"",""?"",""2,0"",""1,1"",""?"",""?"",""?"",""?"""
"""?"",""?"",""?"",""?"",""?"",""?"",""?"",""?"",""?"",""?"",""?"",""?"",""?"",""?"",""?"",""?"",""?"",""?"",""?"",""?"",""?"",""?"",""?"",""?"",""?"",""?"",""?"",""?"",""?"",""?"",""?"",""4,0"",""?"",""?"",""?"",""?"",""?"",""?"",""?"",""?"",""?"",""?"",""?"",""?"",""?"",""?"",""?"""
"""?"",""?"",""?"",""?"",""?"",""?"",""?"",""?"",""?"",""?"",""?"",""?"",""?"",""?"",""?"",""?"",""?"",""?"",""?"",""?"",""3,0"",""?"",""?"",""?"",""?"",""?"",""4,0"",""?"",""?"",""?"",""?"",""?"",""?"",""?"",""?"",""?"",""?"",""?"",""?"",""?"",""?"",""?"",""?"",""?"",""?"",""?"",""?"""
"""?"",""2,0,3,0"",""?"",""?"",""?"",""?"",""?"",""?"",""?"",""?"",""?"",""?"",""?"",""?"",""?"",""?"",""?"",""?"",""3,0"",""?"",""?"",""?"",""?"",""?"",""?"",""?"",""3,0"",""?"",""?"",""2,1,3,0"",""?"",""?"",""?"",""?"",""?"",""?"",""?"",""?"",""?"",""?"",""?"",""?"",""?"",""?"",""?"",""?"",""?"""
"""?"",""?"",""?"",""?"",""?"",""?"",""?"",""?"",""?"",""?"",""?"",""?"",""?"",""?"",""?"",""?"",""?"",""?"",""?"",""?"",""?"",""?"",""?"",""?"",""?"",""?"",""?"",""?"",""?"",""?"",""?"",""4,0"",""?"",""?"",""?"",""?"",""?"",""?"",""?"",""?"",""?"",""?"",""?"",""?"",""?"",""?"",""?"""
"""?"",""?"",""?"",""?"",""?"",""?"",""?"",""?"",""?"",""?"",""?"",""?"",""?"",""?"",""?"",""?"",""?"",""?"",""4,0,4,0"",""?"",""?"",""?"",""?"",""?"",""?"",""?"",""?"",""?"",""?"",""?"",""?"",""?"",""?"",""?"",""?"",""?"",""?"",""?"",""?"",""?"",""?"",""?"",""?"",""?"",""?"",""?"",""?"""
"""?"",""?"",""?"",""?"",""?"",""?"",""?"",""?"",""?"",""?"",""?"",""?"",""?"",""?"",""?"",""?"",""?"",""?"",""?"",""?"",""?"",""?"",""?"",""?"",""?"",""?"",""?"",""?"",""?"",""?"",""?"",""?"",""?"",""4,0"",""?"",""?"",""?"",""?"",""?"",""?"",""?"",""?"",""?"",""?"",""?"",""?"",""?"""
"""?"",""?"",""?"",""?"",""?"",""?"",""?"",""?"",""?"",""?"",""?"",""?"",""?"",""?"",""?"",""?"",""?"",""?"",""?"",""?"",""?"",""?"",""?"",""?"",""?"",""?"",""?"",""?"",""?"",""?"",""?"",""?"",""?"",""?"",""?"",""?"",""?"",""?"",""?"",""?"",""?"",""?"",""?"",""?"",""4,0"",""?"",""?"""
"""?"",""?"",""?"",""?"",""?"",""3,0"",""?"",""?"",""?"",""2,1"",""?"",""?"",""?"",""?"",""?"",""2,0"",""?"",""?"",""?"",""?"",""?"",""?"",""?"",""?"",""1,1"",""?"",""?"",""?"",""?"",""3,0"",""?"",""3,0"",""4,0"",""2,1"",""?"",""?"",""?"",""?"",""?"",""?"",""?"",""?"",""?"",""?"",""?"",""?"",""?"""
"""?"",""?"",""?"",""?"",""?"",""?"",""?"",""?"",""?"",""?"",""?"",""?"",""?"",""?"",""?"",""?"",""?"",""?"",""?"",""?"",""?"",""?"",""?"",""?"",""?"",""?"",""?"",""5,0"",""?"",""?"",""?"",""?"",""?"",""1,0"",""?"",""?"",""?"",""?"",""?"",""?"",""?"",""?"",""?"",""?"",""?"",""?"",""?"""
"""?"",""?"",""?"",""2,1"",""?"",""?"",""?"",""?"",""?"",""1,1"",""?"",""?"",""?"",""?"",""?"",""?"",""?"",""?"",""?"",""?"",""?"",""?"",""?"",""?"",""?"",""?"",""2,1"",""?"",""?"",""4,0"",""?"",""?"",""?"",""?"",""?"",""?"",""?"",""?"",""?"",""?"",""?"",""?"",""?"",""?"",""?"",""?"",""?"""
"""?"",""?"",""?"",""?"",""?"",""?"",""?"",""?"",""?"",""?"",""?"",""?"",""?"",""?"",""?"",""?"",""?"",""?"",""?"",""?"",""?"",""?"",""?"",""?"",""?"",""?"",""?"",""?"",""?"",""?"",""?"",""?"",""?"",""?"",""?"",""?"",""?"",""?"",""?"",""?"",""4,0"",""?"",""?"",""?"",""?"",""?"",""4,0"""
"""?"",""?"",""?"",""?"",""?"",""?"",""?"",""?"",""?"",""?"",""?"",""?"",""?"",""?"",""?"",""?"",""?"",""?"",""?"",""?"",""?"",""?"",""?"",""?"",""?"",""?"",""?"",""?"",""?"",""?"",""?"",""4,0"",""?"",""?"",""?"",""?"",""?"",""?"",""?"",""?"",""?"",""?"",""?"",""?"",""?"",""?"",""?"""
"""?"",""?"",""?"",""?"",""?"",""?"",""?"",""?"",""?"",""?"",""?"",""?"",""?"",""?"",""?"",""?"",""?"",""?"",""?"",""?"",""?"",""?"",""?"",""?"",""?"",""?"",""?"",""?"",""?"",""2,0"",""?"",""?"",""?"",""?"",""?"",""?"",""?"",""?"",""?"",""?"",""?"",""?"",""?"",""?"",""4,0"",""?"",""?"""
